words\files;Suspense;NonSuspense;;;
1799;0.444444444444;;;;
абажур;0.444444444444;;предмет;;
авось;;0.377073906486;восклицание;;
адрес;0.444444444444;;абстрактный;;
адриан;4.0;;имя;;
акушерка;0.444444444444;;профессия;;
алексис;;0.377073906486;имя;;
алина;;0.377073906486;имя;;
аллегория;;0.377073906486;абстрактный;;
аллея;;1.13122171946;место;;
алый;0.444444444444;;описание;;
альманах;;0.377073906486;предмет;;
амбарчик;;0.377073906486;место;;
ампула;0.444444444444;;предмет;;
ампутация;1.33333333333;;абстрактный;;
анатомический;0.444444444444;;описание;;
антоновка;;0.754147812971;предмет;;
антоновский;;0.754147812971;описание;;
аристократически;;0.377073906486;описание;;
арсений;;0.377073906486;имя;;
арсения;;0.377073906486;имя;;
артериа;0.888888888889;;предмет;;
ах;1.77777777778;;восклицание;;
баба;0.888888888889;;профессия;;
бабочка;;0.377073906486;предмет;;
бабушка;;0.377073906486;профессия;;
бал;0.444444444444;;место;;
баня;0.444444444444;;место;;
барабан;;1.50829562594;предмет;;
баранина;;0.377073906486;предмет;;
барин;;1.88536953243;профессия;;
баритон;;0.377073906486;абстрактный;;
барский;;0.377073906486;описание;;
бархатный;;0.377073906486;описание;;
барчук;;0.377073906486;профессия;;
барыня;;0.377073906486;профессия;;
бас;;0.377073906486;абстрактный;;
батюшка;0.444444444444;;профессия;;
батюшков;;0.377073906486;имя;;
бегать;;0.377073906486;действие;;
беда;;0.377073906486;абстрактный;;
бедный;0.444444444444;;описание;;
бедняк;0.444444444444;;профессия;;
бедро;0.888888888889;;предмет;;
без;2.66666666667;;стоп;;
безжизненно;0.444444444444;;описание;;
безжизненный;0.444444444444;;описание;;
беззвучный;0.444444444444;;описание;;
безмолвный;;0.377073906486;описание;;
безнадежно;;0.377073906486;описание;;
безоружный;0.444444444444;;описание;;
безрукавка;;0.377073906486;предмет;;
безумный;0.888888888889;;описание;;
белеть;;0.377073906486;действие;;
беловатый;0.444444444444;;описание;;
бель;;0.377073906486;профессия;;
береза;;0.377073906486;предмет;;
березовый;;0.377073906486;описание;;
беременный;;0.377073906486;описание;;
беречь;;0.377073906486;действие;;
беседа;;0.377073906486;абстрактный;;
бесконечный;;0.377073906486;описание;;
беспомощно;0.444444444444;;описание;;
беспорядочно;;0.377073906486;описание;;
бешеный;;0.377073906486;описание;;
билет;0.444444444444;;предмет;;
бирюзов;;0.377073906486;имя;;
биться;0.888888888889;;действие;;
битюг;;0.377073906486;предмет;;
благо;;0.377073906486;абстрактный;;
благовест;;0.377073906486;абстрактный;;
благополучие;;0.377073906486;абстрактный;;
благополучно;0.888888888889;;описание;;
благопристойный;0.444444444444;;описание;;
блеск;;0.377073906486;абстрактный;;
блестеть;;0.754147812971;описание;;
близкий;0.444444444444;;описание;;
блистать;;0.377073906486;действие;;
богатый;;0.754147812971;описание;;
богу;0.444444444444;;предмет;;
бодрый;;0.377073906486;описание;;
бойкий;;0.377073906486;описание;;
бойко;;0.377073906486;описание;;
бок;;0.754147812971;предмет;;
боковой;0.444444444444;;описание;;
более;;0.377073906486;стоп;;
боль;0.444444444444;;абстрактный;;
больше;0.444444444444;;стоп;;
борзая;;1.13122171946;предмет;;
боровинка;;0.377073906486;предмет;;
борода;0.888888888889;;предмет;;
бородатый;;0.377073906486;описание;;
бороться;0.444444444444;;действие;;
босой;;0.377073906486;описание;;
ботфорт;0.444444444444;;предмет;;
бочка;;0.377073906486;предмет;;
бояться;;0.377073906486;действие;;
брага;;0.377073906486;предмет;;
бревно;;0.377073906486;предмет;;
бригадир;0.888888888889;;профессия;;
бриллиантовый;;0.377073906486;описание;;
бродить;;0.377073906486;действие;;
бросаться;0.888888888889;;действие;;
брызги;0.444444444444;;предмет;;
бугор;0.444444444444;;предмет;;
бумажка;0.444444444444;;предмет;;
бумажный;0.444444444444;;описание;;
бурно;0.444444444444;;описание;;
буря;;0.377073906486;абстрактный;;
бывать;;0.377073906486;действие;;
важно;;0.754147812971;описание;;
важный;;0.377073906486;описание;;
вал;;0.377073906486;предмет;;
валяться;;0.377073906486;действие;;
вареный;;0.377073906486;описание;;
вариться;;0.377073906486;действие;;
ватага;;0.377073906486;абстрактный;;
ваш;3.55555555556;;стоп;;
вглядываться;0.444444444444;;действие;;
вдавливать;0.444444444444;;действие;;
вдали;;0.377073906486;описание;;
вдохновенно;0.888888888889;;описание;;
вдруг;3.11111111111;;стоп;;
ведь;0.444444444444;;стоп;;
веер;;0.377073906486;предмет;;
век;;0.377073906486;абстрактный;;
веко;0.444444444444;;предмет;;
велеть;0.444444444444;;действие;;
великолепный;;0.377073906486;описание;;
величина;;0.377073906486;абстрактный;;
вероятно;;0.754147812971;описание;;
верх;0.888888888889;;направление;;
верхний;;0.377073906486;описание;;
верховой;;0.377073906486;описание;;
верхом;0.444444444444;;описание;;
весело;;0.377073906486;описание;;
веселый;;1.50829562594;описание;;
вести;;0.377073906486;действие;;
ветвь;;0.754147812971;предмет;;
ветер;;2.6395173454;абстрактный;;
ветчина;;0.377073906486;предмет;;
веять;;0.377073906486;действие;;
взвиваться;;0.377073906486;действие;;
взвизгивать;0.444444444444;;действие;;
взмет;;0.754147812971;абстрактный;;
взреветь;0.444444444444;;действие;;
взяться;0.888888888889;;действие;;
вид;0.888888888889;;абстрактный;;
видимо;0.888888888889;;описание;;
видно;;0.377073906486;стоп;;
визг;;1.13122171946;абстрактный;;
визжать;0.444444444444;;действие;;
виктор;;0.377073906486;имя;;
виновато;;0.377073906486;описание;;
виноватый;;0.377073906486;описание;;
висеть;0.888888888889;;действие;;
витой;;0.377073906486;описание;;
вкладывать;0.444444444444;;действие;;
вкусный;;0.377073906486;описание;;
власть;0.444444444444;;абстрактный;;
вне;0.444444444444;;направление;;
внутренний;0.444444444444;;описание;;
вода;;0.377073906486;абстрактный;;
водить;;0.377073906486;действие;;
водка;;0.377073906486;предмет;;
возвращаться;;0.754147812971;действие;;
воздерживаться;0.444444444444;;действие;;
воздух;;1.13122171946;абстрактный;;
возить;;0.377073906486;действие;;
вознесение;0.444444444444;;абстрактный;;
возноситься;;0.754147812971;действие;;
возок;;0.377073906486;предмет;;
возражать;0.444444444444;;действие;;
вой;0.444444444444;;абстрактный;;
вокруг;;0.754147812971;направление;;
волна;0.888888888889;;предмет;;
волновать;;0.377073906486;действие;;
волноваться;;0.377073906486;действие;;
волос;0.888888888889;;предмет;;
вольтер;;0.377073906486;имя;;
волюшка;0.444444444444;;абстрактный;;
воображение;0.444444444444;;абстрактный;;
вооружать;0.444444444444;;действие;;
вор;0.444444444444;;профессия;;
воробей;;0.377073906486;предмет;;
воротиться;0.444444444444;;действие;;
ворох;;0.377073906486;предмет;;
восклицание;0.444444444444;;абстрактный;;
восковой;0.444444444444;;описание;;
впадина;;0.377073906486;предмет;;
вперед;0.888888888889;;направление;;
впереди;;0.377073906486;направление;;
впечатление;;0.377073906486;абстрактный;;
вполне;;0.377073906486;стоп;;
вприческа;;0.377073906486;стоп;;
впрыскивать;0.444444444444;;действие;;
враждебный;0.444444444444;;описание;;
вращаться;;0.377073906486;действие;;
всегда;;1.13122171946;стоп;;
вспенивать;;0.377073906486;действие;;
вспоминать;0.444444444444;;действие;;
вспоминаться;;0.377073906486;действие;;
вспомнить;;0.377073906486;действие;;
вспыхивать;0.444444444444;;действие;;
вставать;;1.13122171946;действие;;
вставлять;;0.377073906486;действие;;
встрепенуться;;0.377073906486;действие;;
встреча;0.444444444444;;абстрактный;;
вступаться;0.444444444444;;действие;;
второпях;0.444444444444;;описание;;
въезжать;;0.754147812971;действие;;
вы;3.11111111111;;стоп;;
выглядывать;;0.377073906486;действие;;
выдавать;0.888888888889;;действие;;
выделяться;;0.377073906486;действие;;
выжигать;;0.377073906486;действие;;
вынести;;0.377073906486;действие;;
вынимать;0.888888888889;;действие;;
выплывать;;0.377073906486;действие;;
вырисовываться;;0.377073906486;действие;;
вырубать;;0.377073906486;действие;;
вырыть;;0.377073906486;действие;;
высасывать;0.444444444444;;действие;;
выселки;;1.13122171946;место;;
выселок;;0.754147812971;место;;
выскакивать;;0.377073906486;действие;;
высовываться;0.444444444444;;действие;;
высоко;;0.377073906486;описание;;
выстреливать;1.33333333333;;действие;;
выступать;0.444444444444;;действие;;
вытекать;0.444444444444;;действие;;
вытирать;0.888888888889;;действие;;
вытягиваться;;0.377073906486;действие;;
вязать;0.444444444444;;действие;;
гадливый;0.444444444444;;описание;;
галка;;0.377073906486;предмет;;
гармоника;;0.377073906486;предмет;;
гвардия;0.888888888889;;предмет;;
герасимовна;;1.50829562594;имя;;
гигантский;0.888888888889;;описание;;
гикнуть;;0.377073906486;действие;;
гипс;0.444444444444;;предмет;;
гитара;;0.377073906486;предмет;;
глава;;0.377073906486;профессия;;
главное;0.444444444444;;описание;;
гладить;0.444444444444;;действие;;
глотать;;0.377073906486;действие;;
глубина;;0.377073906486;абстрактный;;
глубокий;;0.754147812971;описание;;
глубоко;0.444444444444;;описание;;
глухо;0.444444444444;;описание;;
глухой;;0.377073906486;описание;;
глядеть;;2.26244343891;действие;;
глянуть;0.888888888889;;действие;;
гнев;0.444444444444;;абстрактный;;
гнездо;;0.377073906486;предмет;;
говор;;0.754147812971;абстрактный;;
голень;0.888888888889;;предмет;;
головка;;0.377073906486;предмет;;
голодный;;0.377073906486;описание;;
голубоватый;;0.377073906486;описание;;
голубой;;0.754147812971;описание;;
голубь;;0.377073906486;предмет;;
голый;;0.377073906486;описание;;
гончая;;1.50829562594;предмет;;
гончий;;0.377073906486;описание;;
гора;;0.377073906486;предмет;;
гордиться;;0.377073906486;действие;;
горлинка;;0.377073906486;предмет;;
горошек;;0.377073906486;предмет;;
горячий;;0.377073906486;описание;;
господин;;0.377073906486;профессия;;
господский;;0.377073906486;описание;;
гост;0.444444444444;;профессия;;
гостеприимный;;0.377073906486;описание;;
гостиная;;0.377073906486;место;;
государь;;0.377073906486;профессия;;
готовить;0.444444444444;;действие;;
готовый;0.444444444444;;описание;;
грабли;;0.377073906486;предмет;;
граф;3.11111111111;;профессия;;
графиня;1.33333333333;;профессия;;
гребень;;0.377073906486;предмет;;
греться;;0.377073906486;действие;;
грибной;;0.377073906486;описание;;
гроб;0.444444444444;;предмет;;
гробовщик;2.66666666667;;профессия;;
гроздь;0.444444444444;;предмет;;
громадный;0.444444444444;;описание;;
громкий;0.444444444444;;описание;;
громко;;0.377073906486;описание;;
грубый;;0.377073906486;описание;;
груда;0.444444444444;;абстрактный;;
грудь;;0.377073906486;предмет;;
грустно;;0.754147812971;описание;;
грусть;;0.377073906486;абстрактный;;
грыжа;0.444444444444;;предмет;;
грязь;;0.754147812971;предмет;;
губа;0.888888888889;;предмет;;
гудеть;;1.13122171946;действие;;
гул;;0.377073906486;абстрактный;;
гулкий;;0.377073906486;описание;;
гумно;;1.50829562594;место;;
гусиный;;0.377073906486;описание;;
густой;;1.13122171946;описание;;
давление;0.444444444444;;абстрактный;;
далекий;0.444444444444;;описание;;
даль;;0.377073906486;место;;
дама;0.444444444444;;профессия;;
даром;0.444444444444;;описание;;
двадцать;;0.377073906486;абстрактный;;
двигаться;;0.754147812971;действие;;
движение;0.444444444444;;абстрактный;;
двинуться;0.444444444444;;действие;;
двое;;0.377073906486;абстрактный;;
двор;;2.26244343891;место;;
дворня;;0.377073906486;место;;
дворовый;;0.377073906486;описание;;
дворянин;;0.754147812971;профессия;;
дворянский;;0.754147812971;описание;;
девичий;0.444444444444;;описание;;
девка;;1.88536953243;профессия;;
девушка;3.11111111111;;профессия;;
девчонка;;0.377073906486;профессия;;
дед;;0.377073906486;профессия;;
дедовский;;0.377073906486;описание;;
действовать;0.444444444444;;действие;;
декламировать;;0.377073906486;действие;;
делаться;;0.377073906486;действие;;
делиться;;0.377073906486;действие;;
демьян;0.888888888889;;имя;;
день;;4.14781297134;абстрактный;;
деньги;;0.377073906486;предмет;;
деревенский;;0.754147812971;описание;;
деревня;;1.13122171946;место;;
деревянный;;0.377073906486;описание;;
держать;;0.377073906486;действие;;
дернуть;0.444444444444;;действие;;
десна;0.444444444444;;предмет;;
десятина;;0.377073906486;предмет;;
десять;0.444444444444;;абстрактный;;
детство;;0.377073906486;абстрактный;;
дешевый;;0.377073906486;описание;;
джой;2.66666666667;;имя;;
дикарский;;0.377073906486;описание;;
директор;0.888888888889;;профессия;;
дитя;;0.377073906486;профессия;;
длина;;0.377073906486;абстрактный;;
длинный;;2.26244343891;описание;;
дневный;;0.377073906486;описание;;
добираться;;0.377073906486;действие;;
добрый;0.888888888889;;описание;;
догадываться;0.444444444444;;действие;;
доезжать;;0.377073906486;действие;;
дождь;;1.88536953243;предмет;;
долгий;;0.377073906486;описание;;
долго;;2.26244343891;описание;;
должно;0.444444444444;;описание;;
долина;;0.377073906486;место;;
дом;;4.90196078431;место;;
домовитость;;0.377073906486;абстрактный;;
домовитый;;0.377073906486;описание;;
домой;0.444444444444;;направление;;
дон;;0.377073906486;место;;
донец;;0.377073906486;место;;
дорогой;0.444444444444;;описание;;
дорожный;0.444444444444;;описание;;
достойный;;0.377073906486;описание;;
дотягиваться;;0.377073906486;действие;;
дохнуть;0.444444444444;;действие;;
доходить;0.444444444444;;действие;;
древесный;;0.377073906486;описание;;
древний;;0.377073906486;описание;;
дробный;;0.377073906486;описание;;
дрова;;0.377073906486;предмет;;
дрожь;0.444444444444;;абстрактный;;
дрозд;;0.377073906486;предмет;;
дрон;;0.377073906486;имя;;
дружный;;0.754147812971;описание;;
дряхлый;;0.377073906486;описание;;
дубрава;;0.377073906486;место;;
дуло;;0.377073906486;предмет;;
дуля;;0.377073906486;предмет;;
думаться;;0.377073906486;действие;;
дура;0.444444444444;;профессия;;
дурачество;;0.377073906486;абстрактный;;
дуть;;0.754147812971;действие;;
душа;;0.377073906486;абстрактный;;
дуэль;0.444444444444;;предмет;;
дыбом;0.444444444444;;описание;;
дым;;1.88536953243;предмет;;
дьявольски;0.444444444444;;описание;;
дьявольщина;0.444444444444;;абстрактный;;
евгений;;0.377073906486;имя;;
еда;;0.377073906486;предмет;;
едва;0.444444444444;;стоп;;
ей;0.444444444444;;стоп;;
екатерининский;;0.377073906486;описание;;
ерот;;0.377073906486;имя;;
если;;1.13122171946;стоп;;
есть;;0.377073906486;действие;;
ехать;;0.754147812971;действие;;
жадно;;0.377073906486;описание;;
жалеть;0.444444444444;;действие;;
жаль;0.444444444444;;стоп;;
жарко;0.444444444444;;описание;;
ждать;0.444444444444;;действие;;
желать;;0.377073906486;действие;;
железното;;0.377073906486;описание;;
железо;;0.377073906486;предмет;;
жена;2.22222222222;;профессия;;
женский;0.444444444444;;описание;;
женственно;;0.377073906486;описание;;
женщина;;0.377073906486;профессия;;
жеребец;;0.377073906486;предмет;;
жестяной;0.444444444444;;описание;;
живо;;0.377073906486;описание;;
живучий;0.444444444444;;описание;;
жидкий;;0.377073906486;описание;;
жила;0.444444444444;;предмет;;
жилье;;0.377073906486;место;;
жирный;0.444444444444;;описание;;
жнивье;;0.754147812971;предмет;;
жребий;0.444444444444;;абстрактный;;
жужжание;;0.377073906486;абстрактный;;
жуковский;;0.377073906486;имя;;
журнал;;0.377073906486;предмет;;
жуткий;0.444444444444;;описание;;
забелеть;;0.377073906486;действие;;
забинтовывать;0.444444444444;;действие;;
забираться;0.444444444444;;действие;;
заверять;0.444444444444;;действие;;
завязывать;;0.377073906486;действие;;
заглядывать;0.444444444444;;действие;;
задавливать;0.444444444444;;действие;;
заезжать;;0.377073906486;действие;;
заживаться;;0.754147812971;действие;;
зажигать;;0.377073906486;действие;;
зажимать;0.444444444444;;действие;;
зазимок;;1.13122171946;предмет;;
зайти;0.444444444444;;действие;;
закатить;;0.377073906486;действие;;
закипать;;0.377073906486;действие;;
заключать;0.444444444444;;действие;;
закрадываться;;0.377073906486;действие;;
закричать;0.888888888889;;действие;;
закружиться;0.444444444444;;действие;;
закрывать;;0.377073906486;действие;;
закрываться;;0.377073906486;действие;;
зал;;0.377073906486;место;;
зала;;0.377073906486;предмет;;
заливать;;0.377073906486;действие;;
заляпывать;0.444444444444;;действие;;
заманчивый;;0.377073906486;описание;;
замасливаться;;0.377073906486;действие;;
замашный;;0.754147812971;описание;;
замелькать;;1.13122171946;действие;;
заметаться;0.444444444444;;действие;;
заметка;;0.377073906486;предмет;;
заметный;0.888888888889;;описание;;
замечать;;0.377073906486;действие;;
замирать;;0.754147812971;действие;;
занавеска;;0.377073906486;предмет;;
заныть;;0.377073906486;действие;;
занятый;;0.377073906486;описание;;
заострять;0.444444444444;;действие;;
запад;;0.377073906486;место;;
запальчивость;0.444444444444;;абстрактный;;
запах;;1.50829562594;абстрактный;;восклицание
заповедный;;0.377073906486;описание;;направление
запущенность;;0.377073906486;абстрактный;;действие
запылить;0.444444444444;;действие;;описание
запыхаться;0.444444444444;;действие;;профессия
заря;;0.754147812971;абстрактный;;место
заряжать;1.33333333333;;действие;;предмет
заскорузлый;;0.377073906486;описание;;абстракция
заспанный;;0.377073906486;описание;;имя
заставлять;0.444444444444;;действие;;стоп
застегивать;;0.377073906486;действие;;
застилать;0.444444444444;;действие;;
застреливаться;;0.377073906486;действие;;
заступать;;0.377073906486;действие;;
засыхать;0.444444444444;;действие;;
затвердевать;;0.377073906486;действие;;
затем;0.888888888889;;стоп;;
затихать;0.444444444444;;действие;;
затравливать;;0.377073906486;действие;;
затрещать;0.444444444444;;действие;;
затуманивать;;0.377073906486;действие;;
заупрямиться;0.444444444444;;действие;;
захотеть;0.444444444444;;действие;;
зашивать;0.444444444444;;действие;;
звезда;;0.377073906486;предмет;;
звездочка;;0.377073906486;предмет;;
звенеть;;0.377073906486;действие;;
звено;0.444444444444;;предмет;;
зверь;;1.13122171946;предмет;;
звонкий;;0.377073906486;описание;;
звонко;0.444444444444;;описание;;
звук;;0.377073906486;абстрактный;;
звучать;0.444444444444;;действие;;
здесь;1.33333333333;;место;;
здорово;;0.377073906486;описание;;
здоровый;;0.754147812971;описание;;
здравый;0.444444444444;;описание;;
зевать;;0.377073906486;действие;;
зелень;;0.754147812971;предмет;;
земляной;;0.377073906486;описание;;
зеркало;;0.754147812971;предмет;;
зима;;0.754147812971;абстрактный;;
зимнему;;0.377073906486;описание;;
зимний;;1.50829562594;описание;;
зиять;0.444444444444;;действие;;
злобно;0.444444444444;;описание;;
злобный;0.444444444444;;описание;;
зловещий;;0.377073906486;описание;;
злой;0.444444444444;;описание;;
злощастный;;0.377073906486;описание;;
змея;0.888888888889;;предмет;;
знакомец;0.444444444444;;профессия;;
знакомый;0.444444444444;;описание;;
знать;3.55555555556;;действие;;
значит;;0.377073906486;стоп;;
значить;0.444444444444;;действие;;
значок;;0.377073906486;предмет;;
золотистый;;0.377073906486;описание;;
золотой;;1.50829562594;описание;;
ибо;;0.377073906486;стоп;;
ивановна;0.444444444444;;имя;;
игнат;;0.377073906486;имя;;
идти;;2.26244343891;действие;;
иждивение;;0.377073906486;абстрактный;;
изба;;0.377073906486;место;;
известие;0.444444444444;;абстрактный;;
извинять;0.444444444444;;действие;;
издавать;;0.377073906486;действие;;
изорвать;0.444444444444;;действие;;
иметься;0.444444444444;;действие;;
индюшка;;0.377073906486;предмет;;
инкрустация;;0.377073906486;абстрактный;;
иногда;;1.88536953243;стоп;;
инстинкт;0.444444444444;;абстрактный;;
инструмент;0.444444444444;;предмет;;
искомый;0.444444444444;;описание;;
искра;0.444444444444;;абстрактный;;
искусственный;0.444444444444;;описание;;
исполнение;0.444444444444;;абстрактный;;
испугаться;0.444444444444;;действие;;
испытывать;0.444444444444;;действие;;
истина;0.444444444444;;абстрактный;;
истопник;0.888888888889;;профессия;;
истрепанный;;0.377073906486;описание;;
исчезать;;0.377073906486;действие;;
итого;0.444444444444;;стоп;;
июнь;;0.377073906486;абстрактный;;
кабы;;0.377073906486;стоп;;
кавалер;;0.377073906486;профессия;;
кадушка;;0.377073906486;предмет;;
каждый;0.444444444444;;описание;;
каково;0.444444444444;;стоп;;
калитка;1.33333333333;;предмет;;
камень;0.444444444444;;предмет;;
камин;0.444444444444;;предмет;;
камфара;1.77777777778;;предмет;;
капля;1.33333333333;;предмет;;
капуста;;0.377073906486;предмет;;
карандаш;0.444444444444;;предмет;;
каретный;;0.377073906486;описание;;
карман;0.444444444444;;предмет;;
картавый;;0.377073906486;описание;;
картина;1.33333333333;;предмет;;
касаться;0.888888888889;;действие;;
кафтан;0.444444444444;;предмет;;
качаться;;0.377073906486;действие;;
квас;;0.377073906486;предмет;;
квохтанье;;0.377073906486;абстрактный;;
кинуть;0.444444444444;;действие;;
киргиз;;0.754147812971;профессия;;
кирпичный;;0.754147812971;описание;;
кисловатый;;0.377073906486;описание;;
кисть;0.444444444444;;предмет;;
кихот;;0.377073906486;имя;;
клавикорды;;0.377073906486;предмет;;
кланяться;;0.377073906486;действие;;
клеенка;0.444444444444;;предмет;;
кликнуть;0.444444444444;;действие;;
клиника;0.444444444444;;место;;
клочок;0.444444444444;;предмет;;
клуб;;0.377073906486;место;;
книга;;1.88536953243;предмет;;
кнут;;0.377073906486;предмет;;
ко;0.888888888889;;стоп;;
кобчик;;0.377073906486;предмет;;
когда;;3.39366515837;стоп;;
кожа;2.66666666667;;предмет;;
кожаный;;0.377073906486;описание;;
кой;0.444444444444;;стоп;;
колено;0.444444444444;;предмет;;
колкий;;0.377073906486;описание;;
коллен;0.444444444444;;предмет;;
коло;;0.377073906486;стоп;;
колонна;;0.377073906486;предмет;;
колпак;0.444444444444;;предмет;;
колтун;0.444444444444;;предмет;;
кольбер;5.33333333333;;имя;;
компания;0.444444444444;;абстрактный;;
конец;1.77777777778;;абстрактный;;
конечно;;0.377073906486;стоп;;
конопляник;;0.377073906486;предмет;;
кончаться;0.444444444444;;действие;;
копейка;;0.377073906486;предмет;;
копыто;;0.377073906486;предмет;;
кора;;0.377073906486;предмет;;
коралловый;;0.377073906486;описание;;
коренастый;;0.377073906486;описание;;
корешок;;0.377073906486;предмет;;
коридор;;0.377073906486;место;;
корова;;0.377073906486;предмет;;
коротенький;;0.377073906486;описание;;
корточки;;0.377073906486;абстрактный;;
косить;;0.377073906486;действие;;
космы;;0.377073906486;предмет;;
косоворотка;;0.377073906486;предмет;;
косточка;0.444444444444;;предмет;;
кость;3.55555555556;;предмет;;
костюм;;0.377073906486;предмет;;
костяной;0.444444444444;;описание;;
косяк;;0.377073906486;предмет;;
кофеин;0.444444444444;;предмет;;
кочерг;0.444444444444;;предмет;;
кочерга;1.33333333333;;предмет;;
кочерыжка;0.444444444444;;предмет;;
кошмарный;0.444444444444;;описание;;
край;0.444444444444;;место;;
красавец;;0.377073906486;профессия;;
красивый;;1.13122171946;описание;;
краска;;0.377073906486;предмет;;
крепкий;;0.754147812971;описание;;
крепостной;;0.754147812971;описание;;
кресло;;0.377073906486;предмет;;
крест;;0.377073906486;предмет;;
крикнуть;;0.377073906486;действие;;
кровавить;0.444444444444;;действие;;
кровавый;0.444444444444;;описание;;
кровать;;0.754147812971;предмет;;
кровить;0.444444444444;;действие;;
кровь;4.44444444444;;предмет;;
кроме;0.444444444444;;стоп;;
кротко;;0.754147812971;описание;;
круг;;0.377073906486;абстрактный;;
кругообразный;0.444444444444;;описание;;
крупно;;0.377073906486;описание;;
крупный;0.444444444444;;описание;;
крутить;;0.377073906486;действие;;
круто;;0.377073906486;описание;;
крылышко;;0.377073906486;предмет;;
крыльцо;;1.13122171946;место;;
крытый;;0.377073906486;описание;;
крыша;;1.88536953243;предмет;;
кто;2.66666666667;;стоп;;
куда;0.444444444444;;стоп;;
кузька;0.888888888889;;имя;;
куковать;;0.377073906486;действие;;
кукушка;;0.377073906486;предмет;;
кулеш;;0.377073906486;предмет;;
культя;0.888888888889;;предмет;;
купец;0.444444444444;;профессия;;
курилкин;0.444444444444;;имя;;
курица;;0.377073906486;предмет;;
кус;0.444444444444;;предмет;;
куст;0.444444444444;;предмет;;
кухарка;;0.377073906486;профессия;;
кучер;;0.377073906486;профессия;;
лад;;0.377073906486;абстрактный;;
лай;;0.754147812971;абстрактный;;
лакейский;;0.754147812971;описание;;
лампада;;0.377073906486;предмет;;
ласково;0.444444444444;;описание;;
левый;0.444444444444;;описание;;
легенда;;0.377073906486;абстрактный;;
легкий;;0.377073906486;описание;;
ледяной;;0.754147812971;описание;;
лениво;;1.13122171946;описание;;
лента;0.444444444444;;предмет;;
лепить;;0.377073906486;действие;;
лес;;3.39366515837;место;;
лесной;;0.377073906486;описание;;
лестница;0.444444444444;;место;;
лететь;;0.377073906486;действие;;
лето;;0.754147812971;абстрактный;;
ли;5.33333333333;;стоп;;
ливень;;0.377073906486;абстрактный;;
лигатура;0.444444444444;;абстрактный;;
лилейный;;0.377073906486;описание;;
лилия;;0.377073906486;предмет;;
лиловый;;0.754147812971;описание;;
липа;;0.377073906486;предмет;;
липовый;;0.377073906486;описание;;
лисий;0.444444444444;;описание;;
лисица;;0.377073906486;предмет;;
лист;;0.754147812971;предмет;;
листва;;1.50829562594;предмет;;
лицеист;;0.377073906486;профессия;;
лишаться;0.444444444444;;действие;;
лишь;0.888888888889;;стоп;;
лоб;0.444444444444;;предмет;;
ловкий;;0.377073906486;описание;;
ловко;1.33333333333;;описание;;
ложиться;;0.377073906486;действие;;
лозина;;0.377073906486;предмет;;
локоть;0.444444444444;;предмет;;
лопнуть;0.444444444444;;действие;;
лохматый;;0.377073906486;описание;;
лохмы;0.444444444444;;предмет;;
лошадиный;;0.377073906486;описание;;
лошадь;;1.88536953243;предмет;;
лук;;0.377073906486;предмет;;
лукерья;;0.377073906486;имя;;
лукич;0.888888888889;;имя;;
любить;;0.377073906486;действие;;
любовник;0.444444444444;;профессия;;
любой;0.444444444444;;описание;;
людмила;;0.377073906486;имя;;
людно;;0.377073906486;описание;;
людный;;0.377073906486;описание;;
людской;;1.13122171946;описание;;
макушка;;0.377073906486;предмет;;
малиновый;;0.377073906486;описание;;
мальчишка;;0.377073906486;профессия;;
мамаша;0.444444444444;;профессия;;
манерный;;0.754147812971;описание;;
маринад;;0.377073906486;предмет;;
марлевый;0.444444444444;;описание;;
марля;0.888888888889;;предмет;;
масло;0.444444444444;;предмет;;
матерый;;0.377073906486;описание;;
махорка;;0.377073906486;предмет;;
машинистка;0.888888888889;;профессия;;
мгновение;0.444444444444;;абстрактный;;
мебель;;0.377073906486;предмет;;
мед;;0.377073906486;предмет;;
медленно;;1.13122171946;описание;;
медлить;0.444444444444;;действие;;
медный;;0.377073906486;описание;;
меж;;0.377073906486;место;;
между;;1.88536953243;место;;
мелко;;0.377073906486;описание;;
мелкозубый;0.444444444444;;описание;;
мелкопоместный;;2.26244343891;описание;;
мелькать;;1.50829562594;действие;;
менее;0.444444444444;;описание;;
меняться;;0.377073906486;действие;;
мера;;0.754147812971;абстрактный;;
мерин;;0.377073906486;предмет;;
мерно;;0.377073906486;описание;;
мертвец;1.77777777778;;профессия;;
мертвый;;0.754147812971;описание;;
местность;;0.377073906486;место;;
метла;;0.377073906486;предмет;;
мечта;;0.754147812971;абстрактный;;
мечтательный;;0.377073906486;описание;;
мешать;;0.377073906486;действие;;
мещанин;;1.50829562594;профессия;;
минута;1.33333333333;;абстрактный;;
мирный;;0.377073906486;описание;;
младой;;0.377073906486;описание;;
млечный;;0.377073906486;описание;;
многие;0.444444444444;;описание;;
многий;;0.377073906486;описание;;
много;;1.50829562594;описание;;
множество;;0.377073906486;абстрактный;;
могиканин;;0.377073906486;профессия;;
мода;;0.377073906486;абстрактный;;
может;;0.377073906486;стоп;;
мозг;0.444444444444;;предмет;;
мокрый;;1.88536953243;описание;;
мол;;0.377073906486;стоп;;
молельный;;0.754147812971;описание;;
молния;0.888888888889;;абстрактный;;
молодой;;0.754147812971;описание;;
молотилка;;0.377073906486;предмет;;
молотить;;0.377073906486;действие;;
молотьба;;0.754147812971;абстрактный;;
молча;0.444444444444;;описание;;
молчать;0.888888888889;;действие;;
момент;0.444444444444;;абстрактный;;
мороз;;0.377073906486;абстрактный;;
москва;0.888888888889;;место;;
мочь;1.33333333333;;абстрактный;;
мрак;;0.377073906486;абстрактный;;
мрачно;0.444444444444;;описание;;
мрачный;;0.754147812971;описание;;
муж;0.444444444444;;профессия;;
мужик;;0.754147812971;профессия;;
мужицкий;;0.377073906486;описание;;
мужчина;0.444444444444;;профессия;;
музыкальный;;0.377073906486;описание;;
мундир;0.444444444444;;предмет;;
мутный;0.444444444444;;описание;;
муха;1.33333333333;;предмет;;
мы;3.11111111111;;стоп;;
мышца;0.444444444444;;предмет;;
мягкий;;0.754147812971;описание;;
мясник;0.444444444444;;профессия;;
мясо;1.33333333333;;предмет;;
мятый;0.444444444444;;описание;;
набок;0.444444444444;;описание;;
наборный;;0.377073906486;описание;;
набросать;0.444444444444;;действие;;
набухать;0.444444444444;;действие;;
навозный;;0.377073906486;описание;;
навстречу;;0.754147812971;направление;;
нагонять;;0.377073906486;действие;;
надворный;;0.377073906486;описание;;
наддавать;;0.377073906486;действие;;
надевать;;0.754147812971;действие;;
надесять;;0.377073906486;описание;;
надо;0.444444444444;;стоп;;
надолго;;0.377073906486;описание;;
надуваться;0.444444444444;;действие;;
назад;;0.377073906486;направление;;
накинуть;;0.754147812971;действие;;
наперерез;;0.377073906486;направление;;
напечатать;;0.377073906486;действие;;
наполовину;;0.377073906486;описание;;
например;;0.377073906486;абстрактный;;
напряжение;;0.377073906486;абстрактный;;
напугать;;0.377073906486;действие;;
напутственный;0.444444444444;;описание;;
напыщенный;;0.377073906486;описание;;
народ;;0.377073906486;абстрактный;;
нарочно;0.444444444444;;описание;;
наружу;0.444444444444;;направление;;
нарушать;;0.377073906486;действие;;
насилие;0.444444444444;;абстрактный;;
насквозь;;0.377073906486;описание;;
наследство;;0.377073906486;абстрактный;;
насмешливо;;0.377073906486;описание;;
настойчиво;;0.377073906486;описание;;
настраивать;;0.377073906486;действие;;
настраиваться;;0.377073906486;действие;;
наступать;;1.13122171946;действие;;
наткнуться;;0.377073906486;действие;;
натыкать;0.444444444444;;действие;;
натягивать;;0.377073906486;действие;;
нахохливать;;0.377073906486;действие;;
начинаться;;1.13122171946;действие;;
небо;;3.01659125189;абстрактный;;
небольшой;;1.13122171946;описание;;
небритый;0.444444444444;;описание;;
невмочь;0.444444444444;;описание;;
невозможно;;0.377073906486;описание;;
невольно;;0.377073906486;описание;;
невысокий;;0.377073906486;описание;;
нега;;0.377073906486;абстрактный;;
негодование;0.444444444444;;абстрактный;;
нежный;;0.377073906486;описание;;
незнакомый;;0.377073906486;описание;;
неизвестно;0.444444444444;;описание;;
некоторый;;0.377073906486;описание;;
немножко;0.444444444444;;описание;;
ненавидеть;0.444444444444;;действие;;
необыкновенно;;0.754147812971;описание;;
необычайность;0.444444444444;;абстрактный;;
необычный;0.444444444444;;описание;;
непредвиденный;0.444444444444;;описание;;
непрерывно;;0.377073906486;описание;;
неприятный;0.444444444444;;описание;;
несокрушимый;;0.377073906486;описание;;
нести;0.444444444444;;действие;;
неудержимо;0.444444444444;;описание;;
неужели;0.888888888889;;стоп;;
нечего;;0.377073906486;стоп;;
ни;0.888888888889;;стоп;;
низкий;;1.13122171946;описание;;
низко;;1.13122171946;описание;;
никакой;0.444444444444;;описание;;
никитский;0.444444444444;;имя;;
николаевна;1.33333333333;;имя;;
никто;1.77777777778;;стоп;;
ниточка;0.444444444444;;предмет;;
нищенский;;0.377073906486;описание;;
нищенство;;0.377073906486;абстрактный;;
новый;;0.754147812971;описание;;
ноготь;0.444444444444;;предмет;;
нож;2.66666666667;;предмет;;
ножка;;0.377073906486;предмет;;
нос;1.33333333333;;предмет;;
носилки;;0.377073906486;предмет;;
нотный;;0.377073906486;описание;;
ночевка;;0.377073906486;абстрактный;;
ноябрь;;0.377073906486;абстрактный;;
ноябрьский;;0.377073906486;описание;;
ну;;1.13122171946;восклицание;;
нужда;0.444444444444;;абстрактный;;
нужно;0.888888888889;;стоп;;
нумер;0.444444444444;;абстрактный;;
об;0.888888888889;;стоп;;
оба;0.444444444444;;стоп;;
обвести;0.444444444444;;действие;;
обветренный;;0.377073906486;описание;;
обдирать;0.444444444444;;действие;;
обед;;1.13122171946;абстрактный;;
обеднеть;;0.377073906486;действие;;
обедня;;0.754147812971;абстрактный;;
обедняться;;0.377073906486;действие;;
обзаводиться;;0.377073906486;действие;;
обижать;0.444444444444;;действие;;
обиженный;0.444444444444;;описание;;
обкладывать;;0.377073906486;действие;;
обладатель;;0.377073906486;профессия;;
облако;;1.13122171946;абстрактный;;
облачаться;;0.377073906486;действие;;
обнажать;0.444444444444;;действие;;
обнаженный;;0.754147812971;описание;;
обнимать;;0.377073906486;действие;;
образничка;;0.377073906486;предмет;;
обрастать;0.444444444444;;действие;;
обруч;;0.377073906486;предмет;;
обстановка;0.444444444444;;место;;
обходить;0.444444444444;;действие;;
обходиться;0.444444444444;;действие;;
общественный;;0.377073906486;описание;;
общий;;0.754147812971;описание;;
объедаться;;0.377073906486;действие;;
объявлять;0.444444444444;;действие;;
объятие;0.444444444444;;абстрактный;;
обыкновение;;0.377073906486;абстрактный;;
овин;;0.377073906486;предмет;;
овраг;;0.754147812971;место;;
овчарка;;0.377073906486;предмет;;
оглушать;0.888888888889;;действие;;
оглянуться;0.444444444444;;действие;;
огнистый;;0.754147812971;описание;;
огонек;;0.377073906486;абстрактный;;
одевать;0.444444444444;;действие;;
одеваться;;0.377073906486;действие;;
одерживать;0.444444444444;;действие;;
одиночество;;0.377073906486;абстрактный;;
однажды;0.444444444444;;описание;;
однодворка;;0.377073906486;профессия;;
однообразный;;0.377073906486;описание;;
одноствольный;;0.377073906486;описание;;
однотонный;;0.377073906486;описание;;
одобрять;0.444444444444;;действие;;
оживать;0.444444444444;;действие;;
ожидание;0.444444444444;;абстрактный;;
ожидаться;0.444444444444;;действие;;
озарять;;0.377073906486;действие;;
озаряться;;0.377073906486;действие;;
озимь;;0.754147812971;абстрактный;;
озябнуть;;0.377073906486;действие;;
оказывать;0.444444444444;;действие;;
оказываться;0.444444444444;;действие;;
оканчивать;0.444444444444;;действие;;
окликать;0.444444444444;;действие;;
оковывать;;0.754147812971;действие;;
около;;2.26244343891;место;;
окончательно;0.444444444444;;описание;;
окошечко;;0.377073906486;предмет;;
окрашивать;;0.377073906486;действие;;
омет;;0.377073906486;предмет;;
она;17.3333333333;;стоп;;
онегин;;0.377073906486;имя;;
оно;;0.754147812971;стоп;;
опасность;0.444444444444;;абстрактный;;
операционный;1.33333333333;;описание;;
операция;0.888888888889;;абстрактный;;
опрокидывать;0.444444444444;;действие;;
опытный;0.444444444444;;описание;;
опьянять;;0.377073906486;действие;;
орден;;0.377073906486;абстрактный;;
осаживать;;0.377073906486;действие;;
освещать;0.444444444444;;действие;;
осенний;;1.13122171946;описание;;
осень;;0.377073906486;абстрактный;;
осенять;0.444444444444;;действие;;
оскаливать;;0.377073906486;действие;;
ослепительно;;0.377073906486;описание;;
ослепительный;0.444444444444;;описание;;
основательно;;0.377073906486;описание;;
особенно;;0.754147812971;описание;;
оставаться;1.33333333333;;действие;;
оставлять;1.33333333333;;действие;;
остаток;0.888888888889;;абстрактный;;
осторожно;;0.754147812971;описание;;
остро;0.444444444444;;описание;;
остров;;0.377073906486;место;;
отбрасывать;0.444444444444;;действие;;
отвечать;1.33333333333;;действие;;
отворять;0.444444444444;;действие;;
отдавать;0.444444444444;;действие;;
отдел;0.444444444444;;место;;
отдельно;0.444444444444;;описание;;
отдуться;0.444444444444;;действие;;
отдых;;0.377073906486;абстрактный;;
отдышаться;0.444444444444;;действие;;
отец;0.444444444444;;профессия;;
отзываться;0.444444444444;;действие;;
откинуть;;0.377073906486;действие;;
открывать;0.444444444444;;действие;;
открытый;;0.377073906486;описание;;
откуда;;0.377073906486;направление;;
отличаться;0.444444444444;;действие;;
отлично;0.444444444444;;описание;;
отмеривать;0.444444444444;;действие;;
отомщать;0.444444444444;;действие;;
отпадать;0.444444444444;;действие;;
отпирать;0.444444444444;;действие;;
отпускать;0.444444444444;;действие;;
отрадно;;0.377073906486;описание;;
отражаться;;0.377073906486;действие;;
отрыж;;0.377073906486;абстрактный;;
отрясать;;0.377073906486;действие;;
отсасывать;0.444444444444;;действие;;
отставка;;0.377073906486;абстрактный;;
отставной;0.888888888889;;описание;;
отталкивать;0.444444444444;;действие;;
оттого;;0.377073906486;стоп;;
оттягивать;0.888888888889;;действие;;
отчаянно;0.888888888889;;описание;;
ох;0.444444444444;;стоп;;
охватывать;0.444444444444;;действие;;
охота;;1.88536953243;абстрактный;;
охотиться;;0.377073906486;действие;;
охотник;;1.13122171946;профессия;;
оцепенение;0.444444444444;;абстракиция;;
очутиться;0.444444444444;;действие;;
ощутительный;;0.377073906486;описание;;
ощущать;;0.377073906486;действие;;
ощущение;;0.754147812971;абстрактный;;
падать;;0.377073906486;действие;;
палата;0.888888888889;;место;;
палец;0.444444444444;;предмет;;
пальто;0.444444444444;;предмет;;
памятник;0.444444444444;;предмет;;
паника;0.444444444444;;абстрактный;;
папироса;;0.377073906486;предмет;;
пасмурный;;0.377073906486;описание;;
пахнуть;;2.26244343891;действие;;
пелагея;0.444444444444;;имя;;
пепельный;;0.377073906486;описание;;
перебирать;;0.377073906486;действие;;
переваливаться;;0.377073906486;действие;;
перевод;;0.377073906486;абстрактный;;
переводиться;;0.377073906486;действие;;
перегнивать;;0.377073906486;действие;;
перед;;1.88536953243;абстрактный;;
передавать;;0.377073906486;действие;;
передний;;0.377073906486;описание;;
перекидывать;;0.377073906486;действие;;
переламывать;0.444444444444;;действие;;
перелом;0.444444444444;;предмет;;
перемирать;;0.377073906486;действие;;
переплет;;0.377073906486;предмет;;
переполненный;;0.377073906486;описание;;
перепрыгивать;;0.377073906486;действие;;
пересыпаться;;0.377073906486;действие;;
переходить;;0.377073906486;действие;;
перина;;0.377073906486;предмет;;
перламутровый;;0.377073906486;описание;;
перо;;0.377073906486;предмет;;
персидский;;0.377073906486;описание;;
песня;;0.754147812971;предмет;;
пестик;0.444444444444;;предмет;;
пестрый;;0.754147812971;описание;;
петр;0.888888888889;;имя;;
петрович;0.888888888889;;имя;;
петровки;;0.377073906486;место;;
печально;;0.377073906486;описание;;
печальный;;0.377073906486;описание;;
пешком;0.444444444444;;описание;;
пила;0.444444444444;;предмет;;
пилить;0.444444444444;;действие;;
пинцет;1.77777777778;;предмет;;
писать;0.888888888889;;действие;;
пистолет;3.11111111111;;предмет;;
пить;;0.754147812971;действие;;
план;;0.377073906486;абстрактный;;
плесень;;0.377073906486;предмет;;
плисовый;;0.377073906486;описание;;
плодовитка;;0.377073906486;предмет;;
пляска;;0.377073906486;абстрактный;;
по;;10.1809954751;стоп;;
побежать;;0.377073906486;действие;;
побродить;;0.377073906486;действие;;
побывать;0.444444444444;;действие;;
повалить;0.444444444444;;действие;;
повар;;0.377073906486;профессия;;
повертываться;0.444444444444;;действие;;
поверхность;;0.377073906486;предмет;;
повеса;0.888888888889;;профессия;;
повизгивать;;0.377073906486;действие;;
повод;0.444444444444;;абстрактный;;
погасать;;0.754147812971;действие;;
поглядывать;;0.377073906486;действие;;
погода;;0.377073906486;абстрактный;;
погонщик;;0.754147812971;профессия;;
погребать;0.444444444444;;действие;;
подавальщик;;0.754147812971;профессия;;
подавать;0.444444444444;;действие;;
подавиться;0.444444444444;;действие;;
подбородок;0.444444444444;;предмет;;
подводный;0.444444444444;;описание;;
поддевка;;0.754147812971;абстрактный;;
поддерживать;;0.377073906486;действие;;
подкашиваться;0.444444444444;;действие;;
подковка;;0.754147812971;предмет;;
подлый;0.444444444444;;описание;;
подол;;0.377073906486;предмет;;
подражать;0.444444444444;;действие;;
подтаскивать;0.444444444444;;действие;;
подтягиваться;;0.377073906486;действие;;
подумать;1.77777777778;;действие;;
подхлестывать;0.444444444444;;действие;;
поездка;;0.377073906486;абстрактный;;
поехать;0.444444444444;;действие;;
пожаловать;0.444444444444;;действие;;
пожелать;0.444444444444;;действие;;
пожелтеть;;0.377073906486;действие;;
пожитки;;0.377073906486;предмет;;
позвать;0.444444444444;;действие;;
поздний;;0.377073906486;описание;;
поздно;0.444444444444;;описание;;
позеленеть;;0.377073906486;действие;;
пойти;0.888888888889;;действие;;
показываться;1.77777777778;;действие;;
покачивать;;0.377073906486;действие;;
покашливание;;0.377073906486;абстрактный;;
поклон;0.444444444444;;абсракция;;
покой;;0.377073906486;абстрактный;;
покойница;0.444444444444;;профессия;;
покойный;;0.377073906486;описание;;
покоситься;0.444444444444;;действие;;
покривиться;0.444444444444;;действие;;
покрикивать;;0.377073906486;действие;;
покупатель;;0.377073906486;профессия;;
покупать;;0.377073906486;действие;;
покупка;;0.377073906486;предмет;;
покусать;0.444444444444;;действие;;
полдень;;0.377073906486;абстрактный;;
поле;;4.14781297134;место;;
поливать;;0.377073906486;действие;;
полк;0.444444444444;;абтракция;;
полковник;0.888888888889;;профессия;;
полночь;;0.377073906486;абстрактный;;
полный;0.444444444444;;описание;;
полонез;;0.377073906486;абстрактный;;
полоса;;0.754147812971;абсракция;;
полоска;;0.377073906486;предмет;;
полоснуть;0.444444444444;;действие;;
полузакрытый;0.444444444444;;действие;;
полуидиот;;0.377073906486;профессия;;
полураскрытый;;0.377073906486;описание;;
полусапожки;;0.377073906486;предмет;;
полутемнота;;0.377073906486;абстрактный;;
полутемный;;0.377073906486;описание;;
полутруп;0.888888888889;;профессия;;
полушарие;;0.377073906486;абсракция;;
полушубок;;0.377073906486;предмет;;
полчаса;0.444444444444;;абстрактный;;
полянка;;0.377073906486;место;;
померкнуть;0.444444444444;;действие;;
поместье;;0.377073906486;место;;
помещик;;1.13122171946;профессия;;
помещичий;;0.377073906486;описание;;
поминутно;;0.377073906486;абстрактный;;
помирать;0.888888888889;;действие;;
помогать;0.444444444444;;действие;;
помощь;0.888888888889;;абстрактный;;
помчаться;;0.377073906486;действие;;
понева;;0.377073906486;предмет;;
понемногу;;0.377073906486;описание;;
понимать;0.888888888889;;действие;;
понятный;0.444444444444;;описание;;
поп;;0.377073906486;профессия;;
поплыть;;0.754147812971;действие;;
попойка;;0.377073906486;абстрактный;;
попросить;0.444444444444;;действие;;
пора;;2.26244343891;описание;;
порваться;0.444444444444;;действие;;
поредеть;;0.377073906486;действие;;
портки;;0.377073906486;предмет;;
порточки;;0.377073906486;предмет;;
портрет;;0.377073906486;предмет;;
порядок;;0.377073906486;абстрактный;;
порядочно;0.444444444444;;описание;;
поселянин;;0.377073906486;профессия;;
посереть;;0.377073906486;действие;;
посинеть;0.444444444444;;действие;;
посмотреть;0.888888888889;;действие;;
посреди;;0.377073906486;описание;;
постель;;1.50829562594;предмет;;
постигать;0.444444444444;;действие;;
постройка;;0.377073906486;предмет;;
постромка;;0.377073906486;предмет;;
посуда;;0.377073906486;предмет;;
посылать;0.444444444444;;действие;;
пот;1.77777777778;;предмет;;
потерпеть;0.444444444444;;действие;;
потерять;0.444444444444;;действие;;
потолок;0.444444444444;;место;;
потопать;;0.377073906486;действие;;
потращать;;0.754147812971;действие;;
потянуть;;0.377073906486;действие;;
потянуться;;0.377073906486;действие;;
похвала;;0.377073906486;абстрактный;;
похоронить;0.888888888889;;действие;;
похрапывать;;0.377073906486;действие;;
почернеть;;1.13122171946;действие;;
почувствовать;0.888888888889;;действие;;
пошатнуться;0.444444444444;;действие;;
пощечина;0.444444444444;;абстрактный;;
появляться;;0.377073906486;действие;;
право;;0.377073906486;абстрактный;;
православный;0.444444444444;;описание;;
правый;0.888888888889;;описание;;
праздник;;0.377073906486;абстрактный;;
превознесть;;0.377073906486;действие;;
превращаться;;0.377073906486;действие;;
превышать;0.444444444444;;действие;;
пред;;0.377073906486;стоп;;
предполагать;0.444444444444;;действие;;
предпочитать;0.444444444444;;действие;;
предсмертный;0.444444444444;;описание;;
представляться;;0.377073906486;действие;;
прежде;;0.754147812971;стоп;;
прежний;;0.377073906486;описание;;
преодолевать;0.444444444444;;действие;;
препятствие;0.444444444444;;предмет;;
пресладкий;;0.377073906486;описание;;
прибавлять;;0.377073906486;действие;;
прибаутка;;0.377073906486;абстрактный;;
приближаться;0.444444444444;;действие;;
приближиваться;0.888888888889;;действие;;
приветливо;;0.377073906486;описание;;
приветствие;0.444444444444;;абстрактный;;
привидение;;0.377073906486;профессия;;
привод;;0.754147812971;абстрактный;;
приводить;0.444444444444;;действие;;
привыкать;0.444444444444;;действие;;
привязывать;;0.377073906486;действие;;
приглашение;0.444444444444;;абстрактный;;
приезжать;0.444444444444;;действие;;
приземистый;;0.377073906486;описание;;
признаваться;0.444444444444;;действие;;
призрак;;0.754147812971;профессия;;
призрение;;0.377073906486;абстрактный;;
приказ;;0.377073906486;абстрактный;;
приказание;0.444444444444;;предмет;;
приказывать;;0.377073906486;действие;;
прикрывать;0.444444444444;;действие;;
примус;0.444444444444;;предмет;;
принимать;0.888888888889;;действие;;
приниматься;;0.377073906486;действие;;
принуждать;0.444444444444;;действие;;
припадать;0.444444444444;;действие;;
припоминать;0.444444444444;;действие;;
прислонясь;0.444444444444;;действие;;
приставать;0.444444444444;;действие;;
присутствие;0.444444444444;;абстрактный;;
приходить;;0.377073906486;действие;;
прицеливаться;0.444444444444;;действие;;
причем;0.888888888889;;стоп;;
прическа;;0.377073906486;предмет;;
приятель;0.888888888889;;профессия;;
приятный;;1.13122171946;описание;;
про;;0.754147812971;стоп;;
проба;;0.377073906486;абстрактный;;
пробежать;;0.377073906486;действие;;
пробивать;0.444444444444;;действие;;
пробиваться;;0.377073906486;действие;;
провал;0.444444444444;;абстрактный;;
проваливаться;0.444444444444;;действие;;
проволока;;0.377073906486;предмет;;
проворный;;0.377073906486;описание;;
продавать;0.444444444444;;действие;;
продираться;0.444444444444;;действие;;
продолговатый;0.444444444444;;действие;;
продымать;0.444444444444;;действие;;
прозрачный;;0.377073906486;описание;;
прозумент;;0.377073906486;предмет;;
прозябнуть;;0.377073906486;действие;;
произносить;0.444444444444;;действие;;
происходить;0.444444444444;;действие;;
происшествие;0.444444444444;;абстрактный;;
проказа;;0.377073906486;абстрактный;;
пролетать;;0.377073906486;действие;;
проливной;0.444444444444;;описание;;
пропадать;;0.377073906486;действие;;
пропахнуть;;0.377073906486;действие;;
просека;0.444444444444;;место;;
просить;0.888888888889;;действие;;
проситься;;0.377073906486;действие;;
простой;;0.377073906486;описание;;
просторный;;0.377073906486;описание;;
пространный;;0.377073906486;описание;;
прострелить;1.33333333333;;действие;;
простыня;1.33333333333;;предмет;;
просыпать;;0.377073906486;действие;;
просыпаться;;0.377073906486;действие;;
просьба;0.444444444444;;абстрактный;;
протез;0.444444444444;;предмет;;
протискивать;0.444444444444;;действие;;
прохлада;;0.377073906486;абстрактный;;
прохладно;;0.377073906486;описание;;
прохладный;;0.754147812971;описание;;
проходить;2.22222222222;;действие;;
прохоров;0.888888888889;;имя;;
прочий;0.444444444444;;описание;;
прочный;;0.754147812971;описание;;
прошамкать;0.444444444444;;действие;;
прощать;0.444444444444;;действие;;
прялка;;0.377073906486;предмет;;
прятать;;0.377073906486;действие;;
псиный;;0.377073906486;описание;;
пук;;0.377073906486;предмет;;
пульс;0.444444444444;;абстрактный;;
пуля;0.444444444444;;предмет;;
пунька;;0.377073906486;профессия;;
пустеть;;0.377073906486;действие;;
пустой;;0.754147812971;описание;;
пустынно;;0.377073906486;описание;;
пустынный;;0.377073906486;описание;;
пусть;0.888888888889;;стоп;;
путь;;0.754147812971;абстрактный;;
пушистый;;0.377073906486;описание;;
пушкин;;0.377073906486;имя;;
пчела;;0.377073906486;предмет;;
пылать;;0.377073906486;действие;;
пышно;;0.377073906486;описание;;
пятно;1.33333333333;;предмет;;
пять;2.66666666667;;абстрактный;;
работа;;0.754147812971;абстрактный;;
работать;0.444444444444;;действие;;
работник;;0.377073906486;профессия;;
равнина;;0.377073906486;место;;
равный;0.444444444444;;описание;;
ради;0.444444444444;;описание;;
радоваться;0.444444444444;;действие;;
раз;2.22222222222;;стоп;;
разбирать;;0.377073906486;действие;;
разбухать;0.444444444444;;действие;;
разваливаться;0.444444444444;;действие;;
развертывать;;0.377073906486;действие;;
разглядеть;0.444444444444;;действие;;
разговор;;0.377073906486;абстрактный;;
раздавливать;0.444444444444;;действие;;
раздваивать;0.444444444444;;действие;;
раздвоение;0.444444444444;;абстрактный;;
раздробленный;0.888888888889;;описание;;
раздумывать;0.444444444444;;действие;;
разлетаться;0.444444444444;;действие;;
разметать;;0.377073906486;действие;;
разный;0.444444444444;;описание;;
разрушаться;;0.377073906486;действие;;
разрывать;0.444444444444;;действие;;
разрываться;0.444444444444;;действие;;
разряжать;0.444444444444;;действие;;
разум;;1.13122171946;абстрактный;;
рак;0.444444444444;;предмет;;
рама;;0.754147812971;предмет;;
рана;0.444444444444;;предмет;;
ранний;;0.754147812971;описание;;
рано;;0.377073906486;описание;;
раскидываться;;0.377073906486;действие;;
раскраснеться;;0.377073906486;действие;;
распогодиться;;0.377073906486;действие;;
распоясывать;;0.377073906486;действие;;
рассказ;;0.377073906486;абстрактный;;
рассказывать;1.77777777778;;действие;;
расстегнуть;;0.377073906486;действие;;
расстилаться;;0.377073906486;действие;;
расстраивать;0.444444444444;;действие;;
рассуждать;;0.377073906486;действие;;
рассыпаться;0.444444444444;;действие;;
растапливать;;0.377073906486;действие;;
раствор;0.444444444444;;предмет;;
растрепанный;;0.377073906486;описание;;
растягиваться;;0.377073906486;действие;;
рвань;0.444444444444;;предмет;;
рвать;;0.754147812971;действие;;
редкий;0.888888888889;;описание;;
редкость;;0.754147812971;абстрактный;;
резвость;;0.377073906486;абстрактный;;
резко;;0.377073906486;описание;;
резкость;0.444444444444;;абстрактный;;
рельс;;0.377073906486;предмет;;
ресница;;0.377073906486;предмет;;
рига;;1.50829562594;место;;
ровный;;0.377073906486;описание;;
рогожа;;0.377073906486;предмет;;
роза;;0.377073906486;предмет;;
розовый;;0.377073906486;описание;;
роман;;0.377073906486;абстрактный;;
романтический;;0.377073906486;описание;;
ропот;0.444444444444;;абстрактный;;
росинка;0.444444444444;;предмет;;
росистый;;0.377073906486;описание;;
рост;;0.377073906486;абстрактный;;
росчерк;;0.377073906486;абстрактный;;
рот;1.77777777778;;предмет;;
ротонда;0.444444444444;;предмет;;
рубаха;;1.50829562594;предмет;;
рубашка;;0.377073906486;предмет;;
рубить;;0.377073906486;действие;;
рубище;0.444444444444;;абстрактный;;
ружье;;1.13122171946;предмет;;
рука;7.11111111111;;предмет;;
рукав;;0.377073906486;предмет;;
рыжеватый;0.444444444444;;описание;;
рыжий;;0.377073906486;описание;;
рябина;;0.377073906486;предмет;;
савелий;;0.377073906486;имя;;
сад;;6.41025641026;место;;
садовник;;0.377073906486;профессия;;
сало;;0.377073906486;предмет;;
сальный;;0.377073906486;описание;;
сам;2.22222222222;;стоп;;
самовар;;1.13122171946;предмет;;
самостоятельность;0.444444444444;;абстрактный;;
самостоятельный;0.444444444444;;описание;;
санки;;0.377073906486;предмет;;
сантиментально;;0.377073906486;описание;;
сапог;;1.88536953243;предмет;;
сарай;;0.754147812971;место;;
сарафан;;0.377073906486;предмет;;
сатирический;;0.377073906486;описание;;
сафьянный;;0.377073906486;описание;;
сбиваться;0.444444444444;;действие;;
сбоку;;0.377073906486;место;;
сбросить;0.444444444444;;действие;;
сбруя;;0.377073906486;предмет;;
свежепахнущий;0.444444444444;;описание;;
свежесть;;0.377073906486;абстрактный;;
свежий;;0.377073906486;описание;;
сверкать;;0.754147812971;действие;;
свернуться;;0.377073906486;действие;;
свертывать;0.444444444444;;действие;;
свет;;1.88536953243;абстрактный;;
светиться;;0.377073906486;действие;;
светлеть;0.444444444444;;действие;;
свешиваться;0.444444444444;;действие;;
свинцовый;;0.377073906486;описание;;
свист;;0.377073906486;абстрактный;;
свора;;0.377073906486;абстрактный;;
связь;;0.377073906486;абстрактный;;
священный;;0.377073906486;описание;;
сдавливать;0.888888888889;;действие;;
сдерживать;0.444444444444;;действие;;
сдыхать;0.444444444444;;действие;;
себе;0.444444444444;;стоп;;
север;;0.377073906486;место;;
седлать;;0.377073906486;действие;;
седло;;0.377073906486;предмет;;
седой;;0.377073906486;описание;;
сейчас;2.22222222222;;стоп;;
секретарь;0.888888888889;;профессия;;
секунда;1.33333333333;;абстрактный;;
селение;;0.377073906486;место;;
село;;0.377073906486;место;;
сельский;;0.377073906486;описание;;
семеныч;;0.754147812971;имя;;
семья;;0.377073906486;абстрактный;;
сени;;0.377073906486;место;;
сентябрь;;0.377073906486;абстрактный;;
сердечный;;0.377073906486;описание;;
сердце;;0.377073906486;предмет;;
серебряный;;0.377073906486;описание;;
сержант;0.888888888889;;профессия;;
сетка;;0.377073906486;предмет;;
сечка;;0.377073906486;абстрактный;;
сеять;;0.377073906486;действие;;
сивый;;0.377073906486;описание;;
сила;1.33333333333;;абстрактный;;
сильвио;1.77777777778;;имя;;
сильно;;1.13122171946;описание;;
синеватый;;0.377073906486;описание;;
ситник;;0.377073906486;предмет;;
ситцевый;0.444444444444;;описание;;
сиятельство;3.11111111111;;профессия;;
сиять;;0.377073906486;действие;;
сказать;8.88888888889;;действие;;
сказывать;0.888888888889;;действие;;
скала;;0.377073906486;предмет;;
скамеечка;;0.377073906486;предмет;;
скачка;;0.377073906486;абстрактный;;
сквозь;0.888888888889;;направление;;
скелет;0.888888888889;;предмет;;
скитаться;;0.377073906486;действие;;
склон;;0.377073906486;предмет;;
сковывать;0.444444444444;;действие;;
скользить;;0.377073906486;действие;;
скучно;;0.377073906486;описание;;
славиться;;0.377073906486;действие;;
славно;;0.377073906486;описание;;
славный;;0.377073906486;описание;;
сладкий;;1.50829562594;описание;;
след;0.444444444444;;предмет;;
слеза;0.444444444444;;предмет;;
слепой;;0.377073906486;описание;;
сливать;;0.377073906486;действие;;
словно;0.888888888889;;описание;;
слово;1.77777777778;;абстрактный;;
слог;;0.377073906486;абстрактный;;
сломать;0.444444444444;;действие;;
служащий;0.888888888889;;профессия;;
случай;0.444444444444;;абстрактный;;
случайно;;0.377073906486;описание;;
случаться;;0.754147812971;действие;;
слышно;;0.377073906486;описание;;
сматываться;0.444444444444;;действие;;
сменить;0.444444444444;;действие;;
смерть;0.444444444444;;абстрактный;;
смех;;0.377073906486;абстрактный;;
смеяться;0.444444444444;;действие;;
сминать;0.444444444444;;действие;;
смиренно;0.444444444444;;описание;;
смочь;0.444444444444;;действие;;
смысл;0.888888888889;;абстрактный;;
снег;;0.754147812971;предмет;;
снеговой;;0.377073906486;описание;;
снежный;;0.377073906486;описание;;
снисходительный;;0.377073906486;описание;;
собака;;3.39366515837;предмет;;
собирать;;0.377073906486;действие;;
собираться;1.33333333333;;действие;;
собственно;0.444444444444;;описание;;
собственный;0.888888888889;;описание;;
совершать;0.444444444444;;действие;;
совершенно;0.444444444444;;описание;;
совеститься;0.444444444444;;действие;;
совет;0.444444444444;;абстрактный;;
совсем;;1.88536953243;описание;;
соглашаться;0.444444444444;;действие;;
созвездие;;0.754147812971;абстрактный;;
сознание;0.444444444444;;абстрактный;;
соленый;0.444444444444;;описание;;
солнечный;;1.13122171946;описание;;
солнце;;1.88536953243;абстрактный;;
соловей;;0.377073906486;предмет;;
солома;;1.13122171946;предмет;;
соломенный;;0.754147812971;описание;;
сон;;1.13122171946;абстрактный;;
сонный;;0.377073906486;описание;;
соображать;1.33333333333;;действие;;
сосед;;0.754147812971;профессия;;
сословие;;0.377073906486;абстрактный;;
сосновый;0.444444444444;;описание;;
составлять;0.444444444444;;действие;;
сосуд;1.33333333333;;предмет;;
сотовый;;0.377073906486;описание;;
сохраняться;;0.377073906486;действие;;
сочинение;;0.377073906486;абстрактный;;
сочинять;;0.754147812971;действие;;
сочувствие;0.444444444444;;абстрактный;;
спазм;0.444444444444;;абстрактный;;
сперва;;0.754147812971;описание;;
спешивать;0.444444444444;;действие;;
спешить;;0.754147812971;действие;;
спина;0.444444444444;;предмет;;
сплевывать;0.444444444444;;действие;;
спорить;0.444444444444;;действие;;
способность;;0.377073906486;абстрактный;;
спрашивать;1.33333333333;;действие;;
среди;;0.754147812971;место;;
средний;;0.377073906486;описание;;
срезать;0.444444444444;;действие;;
срываться;;0.377073906486;действие;;
ссыпать;;0.377073906486;действие;;
стаж;0.444444444444;;абстрактный;;
становиться;4.88888888889;;действие;;
старание;0.444444444444;;абстрактный;;
стараться;1.33333333333;;действие;;
старик;;1.88536953243;профессия;;
старина;;0.754147812971;профессия;;
старинный;;1.88536953243;описание;;
старновка;;0.377073906486;абстрактный;;
старосветский;;0.377073906486;описание;;
старостиха;;0.377073906486;профессия;;
старый;;1.88536953243;описание;;
стать;;0.377073906486;действие;;
стая;;0.754147812971;абстрактный;;
ствол;0.444444444444;;предмет;;
стекло;;0.754147812971;предмет;;
стеклянный;0.444444444444;;описание;;
степенный;;0.377073906486;описание;;
стискивать;0.444444444444;;действие;;
стих;;0.377073906486;абстрактный;;
сто;;0.377073906486;абстрактный;;
стожар;;0.377073906486;абстрактный;;
сток;0.444444444444;;предмет;;
столб;;0.377073906486;предмет;;
столетие;;0.754147812971;абстрактный;;
столетний;;0.377073906486;описание;;
столик;0.444444444444;;предмет;;
стон;;0.377073906486;абстрактный;;
сторона;2.66666666667;;место;;
страдание;;0.377073906486;абстрактный;;
странно;0.444444444444;;описание;;
страх;0.444444444444;;абстрактный;;
страшно;0.444444444444;;описание;;
строго;;0.377073906486;описание;;
строевой;;0.377073906486;описание;;
строить;;0.377073906486;действие;;
стройный;;0.377073906486;описание;;
струна;;0.377073906486;предмет;;
струя;;0.377073906486;предмет;;
стрясать;;0.377073906486;действие;;
стук;;0.754147812971;абстрактный;;
ступа;0.444444444444;;предмет;;
ступать;0.444444444444;;действие;;
ступня;0.444444444444;;предмет;;
стыдиться;0.444444444444;;действие;;
судьба;0.444444444444;;абстрактный;;
суеверный;0.444444444444;;описание;;
суетиться;;0.377073906486;действие;;
сука;;0.377073906486;предмет;;
сукно;0.444444444444;;предмет;;
сумерки;;1.13122171946;абстрактный;;
сумерничать;;0.377073906486;действие;;
сумрачно;;0.377073906486;описание;;
сумрачный;;0.377073906486;описание;;
сурово;0.444444444444;;описание;;
сухой;;0.754147812971;описание;;
сушеный;;0.377073906486;описание;;
схватывать;0.888888888889;;действие;;
счастие;0.444444444444;;абстрактный;;
счастливый;0.444444444444;;описание;;
считать;0.444444444444;;действие;;
съезжаться;;0.377073906486;действие;;
сызнова;0.444444444444;;описание;;
сырость;;1.13122171946;абстрактный;;
сытый;;0.754147812971;описание;;
сюртук;;0.377073906486;предмет;;
табак;;0.377073906486;предмет;;
тайна;;0.377073906486;предмет;;
таков;;0.377073906486;стоп;;
тампон;0.444444444444;;предмет;;
тарелка;;0.377073906486;предмет;;
татарский;;0.377073906486;описание;;
твердить;0.444444444444;;действие;;
твой;0.444444444444;;стоп;;
театр;0.444444444444;;место;;
телеграфный;;0.377073906486;описание;;
тележка;;0.377073906486;предмет;;
теленок;;0.377073906486;предмет;;
тело;1.77777777778;;предмет;;
темнеть;;0.754147812971;действие;;
темно;;0.377073906486;описание;;
темный;;0.377073906486;описание;;
терять;;0.377073906486;действие;;
теряться;0.444444444444;;действие;;
тесть;;0.377073906486;стоп;;
тетка;;1.88536953243;профессия;;
типография;;0.377073906486;место;;
тиски;0.444444444444;;абстрактный;;
тихо;;0.377073906486;описание;;
тишина;;2.26244343891;абстрактный;;
товарищ;0.888888888889;;профессия;;
ток;;0.377073906486;абстрактный;;
токмо;;0.377073906486;стоп;;
толпа;1.33333333333;;абстрактный;;
толпиться;;0.754147812971;действие;;
толстая;;0.377073906486;описание;;
томный;;0.377073906486;описание;;
топить;;0.377073906486;действие;;
топот;;0.377073906486;абстрактный;;
топтать;0.444444444444;;действие;;
торговать;;0.377073906486;действие;;
торговля;;0.377073906486;абстрактный;;
торзионный;1.77777777778;;описание;;
торопливо;;0.377073906486;предмет;;
торчать;0.888888888889;;действие;;
тоска;;0.377073906486;абстрактный;;
тоскливо;;0.377073906486;описание;;
тот;3.11111111111;;стоп;;
точка;;0.377073906486;абстрактный;;
трава;0.444444444444;;предмет;;
требник;;0.377073906486;предмет;;
тревожный;;0.377073906486;описание;;
трепать;;0.377073906486;действие;;
трепетать;;0.377073906486;действие;;
трепещущий;;0.377073906486;описание;;
треснуть;0.444444444444;;действие;;
третий;0.444444444444;;описание;;
треть;0.888888888889;;абстрактный;;
треугольный;0.444444444444;;описание;;
трещать;;0.377073906486;действие;;
три;;0.377073906486;абстрактный;;
тридцатилетний;0.444444444444;;описание;;
трогать;0.444444444444;;действие;;
трогаться;;0.377073906486;действие;;
трое;;0.377073906486;абстрактный;;
тройка;;0.377073906486;абстрактный;;
тронуть;;0.377073906486;действие;;
труба;;0.377073906486;предмет;;
трубочка;0.444444444444;;предмет;;
трудно;;0.377073906486;описание;;
труп;0.444444444444;;профессия;;
туловище;0.444444444444;;предмет;;
тульский;;0.377073906486;описание;;
тупо;;0.377073906486;описание;;
тускло;;0.377073906486;описание;;
тут;3.11111111111;;стоп;;
туча;;1.13122171946;абстрактный;;
тучный;;0.377073906486;описание;;
тысяча;;0.377073906486;абстрактный;;
тяжело;0.444444444444;;описание;;
убегать;;0.377073906486;действие;;
убийство;0.444444444444;;абстрактный;;
убитый;;0.377073906486;описание;;
убор;;0.754147812971;предмет;;
увезти;;0.377073906486;действие;;
уверенность;0.444444444444;;абстрактный;;
увидать;0.444444444444;;действие;;
увидеть;3.55555555556;;действие;;
увлекаться;;0.377073906486;действие;;
угадывать;0.444444444444;;действие;;
угловой;;0.377073906486;описание;;
угол;0.888888888889;;место;;
уголок;;0.377073906486;место;;
угощение;;0.377073906486;абстрактный;;
угроза;0.444444444444;;абстрактный;;
удерживаться;0.444444444444;;действие;;
удивительно;0.888888888889;;описание;;
удивительный;;0.377073906486;описание;;
удивленный;0.444444444444;;описание;;
уезжать;;0.754147812971;действие;;
уж;1.77777777778;;стоп;;
ужас;1.33333333333;;абстрактный;;
ужасный;0.888888888889;;описание;;
узенький;;0.377073906486;описание;;
узнавать;2.66666666667;;действие;;
указывать;0.888888888889;;действие;;
укатывать;;0.377073906486;действие;;
укорачивать;0.444444444444;;действие;;
укус;0.444444444444;;абстрактный;;
укусить;0.444444444444;;действие;;
умертвлять;0.444444444444;;действие;;
уметь;0.444444444444;;действие;;
умирать;5.33333333333;;действие;;
умолять;0.444444444444;;действие;;
умываться;;0.377073906486;действие;;
университет;0.444444444444;;место;;
унижение;0.444444444444;;абстрактный;;
униматься;;0.377073906486;действие;;
упасть;0.888888888889;;действие;;
упиваться;;0.377073906486;действие;;
упираться;;0.377073906486;действие;;
урожайный;;0.377073906486;описание;;
урождаться;;0.754147812971;действие;;
ус;0.444444444444;;предмет;;
усадьба;;5.65610859729;место;;
усилие;0.444444444444;;абстрактный;;
услуга;0.444444444444;;абстрактный;;
услышать;;0.377073906486;действие;;
усмешка;0.444444444444;;абстрактный;;
успевать;1.33333333333;;действие;;
уста;0.444444444444;;предмет;;
усталость;;0.377073906486;абстрактный;;
устанавливать;0.444444444444;;действие;;
усыпать;;0.377073906486;действие;;
утерпеть;0.444444444444;;действие;;
утренний;;0.377073906486;описание;;
утро;;1.88536953243;абстрактный;;
ух;;0.377073906486;стоп;;
уходить;0.444444444444;;действие;;
учебник;0.444444444444;;предмет;;
учреждение;0.444444444444;;место;;
ущемлять;0.444444444444;;действие;;
уютно;;0.377073906486;описание;;
фаршированный;;0.377073906486;описание;;
фасад;;0.377073906486;предмет;;
фельдшер;2.22222222222;;профессия;;
фигура;;0.377073906486;абстрактный;;
физиологический;0.444444444444;;описание;;
философ;;1.13122171946;профессия;;
философский;;0.377073906486;описание;;
флигель;;0.754147812971;предмет;;
фонарь;;0.377073906486;предмет;;
форейтор;;0.377073906486;профессия;;
фронтон;;0.377073906486;предмет;;
фуражка;0.444444444444;;предмет;;
хвост;;0.377073906486;предмет;;
хлеб;;0.377073906486;предмет;;
хлестать;;0.377073906486;действие;;
хлоп;0.444444444444;;абстрактный;;
хмурый;;0.377073906486;описание;;
хоботье;;0.377073906486;предмет;;
ход;;0.377073906486;абстрактный;;
хозяин;0.888888888889;;профессия;;
хозяйственный;;0.377073906486;описание;;
хозяйство;;0.377073906486;место;;
холмогорский;;0.377073906486;описание;;
холод;;0.377073906486;абстрактный;;
холоднеть;;0.377073906486;действие;;
холодно;;0.754147812971;описание;;
холостяк;;0.377073906486;профессия;;
холст;;0.377073906486;предмет;;
холстина;0.444444444444;;предмет;;
холщовый;;0.377073906486;описание;;
хороший;;1.88536953243;описание;;
хорошо;;1.13122171946;описание;;
хотеть;1.33333333333;;действие;;
хотя;;0.377073906486;стоп;;
храниться;;0.377073906486;действие;;
храп;0.444444444444;;абстрактный;;
хребет;;0.377073906486;предмет;;
хрипеть;;0.377073906486;действие;;
худощавый;;0.377073906486;описание;;
хутор;;0.377073906486;место;;
царапина;0.444444444444;;предмет;;
царство;;0.377073906486;место;;
цветной;;0.377073906486;описание;;
целить;0.444444444444;;действие;;
целый;;3.01659125189;описание;;
церемониться;0.888888888889;;действие;;
церковный;;0.377073906486;описание;;
цыган;;0.377073906486;профессия;;
час;0.444444444444;;абстрактный;;
часто;;0.754147812971;описание;;
часы;;0.377073906486;предмет;;
чахоточный;;0.377073906486;описание;;
чаща;;0.377073906486;место;;
чей;0.888888888889;;стоп;;
человек;3.11111111111;;профессия;;
человеческий;0.444444444444;;описание;;
чем;0.888888888889;;стоп;;
чепец;0.444444444444;;предмет;;
череп;0.444444444444;;предмет;;
черешневый;0.444444444444;;описание;;
черно;;0.377073906486;описание;;
черновик;0.444444444444;;предмет;;
чернотроп;;0.377073906486;предмет;;
черт;0.444444444444;;профессия;;
черта;0.444444444444;;абстрактный;;
чертить;;0.377073906486;действие;;
чертог;;0.377073906486;место;;
честный;0.444444444444;;описание;;
честь;0.444444444444;;абстрактный;;
четверть;0.444444444444;;абстрактный;;
четко;;0.377073906486;описание;;
чиновный;0.444444444444;;описание;;
чистота;;0.377073906486;абстрактный;;
чистый;;0.754147812971;описание;;
читать;;0.377073906486;действие;;
чрезвычайно;0.444444444444;;описание;;
чтение;;0.377073906486;абстрактный;;
чтоб;0.444444444444;;стоп;;
чтобы;2.22222222222;;стоп;;
чужой;0.888888888889;;описание;;
чуть;1.77777777778;;стоп;;
шалаш;;2.6395173454;место;;
шалун;;0.377073906486;профессия;;
шаль;;0.377073906486;предмет;;
шанс;0.444444444444;;абстрактный;;
шапка;;0.754147812971;предмет;;
шар;0.444444444444;;предмет;;
шарахнуться;0.444444444444;;действие;;
шаровары;;0.754147812971;предмет;;
шелкий;0.444444444444;;описание;;
шелковый;;0.377073906486;описание;;
шепнуть;0.444444444444;;действие;;
шерсть;;0.377073906486;предмет;;
шершавый;;0.377073906486;описание;;
шест;0.444444444444;;предмет;;
шестой;;0.377073906486;описание;;
шесть;0.444444444444;;абстрактный;;
широкий;;1.88536953243;описание;;
широко;;0.377073906486;описание;;
широкоплечий;;0.377073906486;описание;;
шкурка;;0.377073906486;предмет;;
шляпа;0.444444444444;;предмет;;
шов;0.888888888889;;предмет;;
шприц;0.444444444444;;предмет;;
штука;0.888888888889;;абстрактный;;
шум;;1.13122171946;абстрактный;;
шумно;;0.377073906486;описание;;
шурин;;0.377073906486;профессия;;
шуршать;;1.13122171946;действие;;
шустрый;;0.377073906486;описание;;
шутливо;;0.377073906486;описание;;
шуточка;;0.377073906486;абстрактный;;
энтиха;0.444444444444;;имя;;
эразм;;0.377073906486;имя;;
эх;;0.377073906486;стоп;;
эхо;0.444444444444;;абстрактный;;
юбка;0.888888888889;;предмет;;
юридический;0.444444444444;;описание;;
юрка;0.444444444444;;имя;;
юркнуть;0.444444444444;;действие;;
юрко;0.444444444444;;имя;;
яблоко;;2.6395173454;предмет;;
яблоня;;0.377073906486;предмет;;
являться;0.444444444444;;действие;;
яд;0.444444444444;;предмет;;
ядреный;;0.377073906486;описание;;
язык;0.888888888889;;предмет;;
яйцо;;0.377073906486;предмет;;
ярко;;0.377073906486;описание;;
ярмарка;;0.377073906486;место;;
ясный;;1.13122171946;описание;;
ястребок;;0.377073906486;предмет;;
ящик;;0.377073906486;предмет;;
