word;pos_sus;pos_nonsus;
порядок;;s;
девчонка;;s;
чистый;;a;
грыжа;s;;
просека;s;;
снежный;;a;
приземистый;;a;
сковывать;v;;
разбухать;v;;
скитаться;;v;
заныть;;v;
грабли;;s;
смеяться;v;;
менее;adv;;
стать;;v;
покривиться;v;;
грусть;;s;
потопать;;v;
пылать;;v;
головка;;s;
осторожно;;adv;
тот;apro;;
жуткий;a;;
гробовщик;s;;
низко;;adv;
вытирать;v;;
татарский;;a;
тележка;;s;
липовый;;a;
сквозь;pr;;
некоторый;;apro;
водить;;v;
рассказ;;s;
прятать;;v;
многий;;apro;
хозяин;s;;
секретарь;s;;
ветчина;;s;
крыльцо;;s;
деньги;;s;
мясник;s;;
вероятно;;adv;
зала;;s;
дружный;;a;
приятель;s;;
вода;;s;
десятина;;s;
посылать;v;;
повизгивать;;v;
знакомый;s;;
заметный;a;;
долина;;s;
царапина;s;;
сердечный;;a;
иждивение;;s;
обиженный;a;;
напряжение;;s;
гигантский;a;;
проба;;s;
нумер;s;;
общий;;a;
крепостной;;s;
похоронить;v;;
добираться;;v;
тяжело;adv;;
добрый;a;;
надуваться;v;;
черта;s;;
сбоку;;adv;
трепетать;;v;
журнал;;s;
метла;;s;
она;spro;;
отчаянно;adv;;
нагонять;;v;
лесной;;a;
боль;s;;
одерживать;v;;
машинистка;s;;
тревожный;;a;
девка;;s;
подводный;a;;
фронтон;;s;
опьянять;;v;
мамаша;s;;
сверкать;;v;
звучать;v;;
директор;s;;
главное;s;;
невольно;;adv;
начинаться;;v;
язык;s;;
дед;;s;
вставлять;;v;
шурин;;s;
прохлада;;s;
безумный;a;;
дитя;;s;
запах;;s;
восковой;a;;
сток;s;;
мерно;;adv;
кус;s;;
белеть;;v;
вид;s;;
полутемный;;a;
рубаха;;s;
радоваться;v;;
обдирать;v;;
табак;;s;
картавый;;a;
привыкать;v;;
красивый;;a;
дернуть;v;;
дождь;;s;
оживать;v;;
царство;;s;
туловище;s;;
соленый;a;;
безоружный;a;;
кавалер;;s;
ибо;;conj;
бородатый;;a;
надо;pr;;
кланяться;;v;
чем;conj;;
истина;s;;
полушубок;;s;
бояться;;v;
двинуться;v;;
сдерживать;v;;
страшно;adv;;
ампутация;s;;
набросать;v;;
обветренный;;a;
стискивать;v;;
извинять;v;;
слово;s;;
богатый;;a;
весело;;adv;
нотный;;a;
лениво;;adv;
поездка;;s;
гумно;;s;
зажигать;;v;
сказать;v;;
шум;;s;
целый;;a;
голубоватый;;a;
остров;;s;
черновик;s;;
камень;s;;
ух;;intj;
ко;pr;;
запыхаться;v;;
дворня;;s;
переваливаться;;v;
нужда;s;;
биться;v;;
дешевый;;a;
испугаться;v;;
вдруг;adv;;
рубашка;;s;
отрадно;;adv;
девушка;s;;
посинеть;v;;
земляной;;a;
ноготь;s;;
открывать;v;;
жребий;s;;
веселый;;a;
проливной;a;;
ах;intj;;
бедро;s;;
треть;s;;
памятник;s;;
индюшка;;s;
неизвестно;part;;
среди;;pr;
батюшка;s;;
полчаса;s;;
незнакомый;;a;
вспомнить;;v;
счастливый;a;;
бригадир;s;;
печально;;adv;
уж;s;;
босой;;a;
беспомощно;adv;;
сонный;;a;
жалеть;v;;
холостяк;;s;
вне;pr;;
соломенный;;a;
пусть;part;;
коридор;;s;
березовый;;a;
важно;;adv;
темно;;adv;
кафтан;s;;
брага;;s;
костяной;a;;
думаться;;v;
ведь;part;;
сюртук;;s;
выселок;;s;
вырубать;;v;
ресница;;s;
сад;;s;
постель;;s;
дорогой;a;;
валяться;;v;
непредвиденный;a;;
просторный;;a;
греться;;v;
инструмент;s;;
похвала;;s;
работа;;s;
мужик;;s;
сатирический;;a;
бойкий;;a;
колонна;;s;
бас;;s;
трава;s;;
момент;s;;
крикнуть;;v;
уютно;;adv;
куда;advpro;;
оба;num;;
благополучно;adv;;
сиятельство;s;;
видимо;adv;;
поредеть;;v;
шапка;;s;
разрываться;v;;
подковка;;s;
пасмурный;;a;
мы;spro;;
пила;s;;
беречь;;v;
старосветский;;a;
оно;;spro;
привязывать;;v;
лента;s;;
упиваться;;v;
попросить;v;;
хороший;;a;
локоть;s;;
заскорузлый;;a;
итого;adv;;
светлеть;v;;
воробей;;s;
спина;s;;
змея;s;;
галка;;s;
марлевый;a;;
барчук;;s;
ступать;v;;
сердце;;s;
поливать;;v;
стекло;;s;
свист;;s;
набок;adv;;
случай;s;;
осенять;v;;
побродить;;v;
покупка;;s;
суеверный;a;;
исполнение;s;;
гвардия;s;;
шляпа;s;;
раз;s;;
иметься;v;;
старинный;;a;
произносить;v;;
бумажка;s;;
отворять;v;;
читать;;v;
пожитки;;s;
тысяча;;s;
обедня;;s;
запылить;v;;
кончаться;v;;
далекий;a;;
кулеш;;s;
клиника;s;;
кисть;s;;
лай;;s;
сальный;;a;
счастие;s;;
покашливание;;s;
объятие;s;;
доезжать;;v;
меняться;;v;
огонек;;s;
легенда;;s;
железо;;s;
сбиваться;v;;
кофеин;s;;
сельский;;a;
гордиться;;v;
полутруп;s;;
домовитый;;a;
упираться;;v;
голень;s;;
подавать;v;;
пестрый;;a;
дотягиваться;;v;
часы;;s;
оттягивать;v;;
розовый;;a;
расстилаться;;v;
фельдшер;s;;
дым;;s;
холщовый;;a;
строевой;;a;
идти;;v;
случаться;;v;
отбрасывать;v;;
старина;;s;
прошамкать;v;;
макушка;;s;
квас;;s;
предпочитать;v;;
одевать;v;;
ехать;;v;
поле;;s;
потянуться;;v;
университет;s;;
песня;;s;
бревно;;s;
выскакивать;;v;
старый;;a;
привидение;;s;
высовываться;v;;
перекидывать;;v;
заметка;;s;
отдышаться;v;;
любовник;s;;
долгий;;a;
волноваться;;v;
попойка;;s;
безнадежно;;adv;
пробежать;;v;
ступня;s;;
закрывать;;v;
заострять;v;;
поплыть;;v;
облачаться;;v;
лакейский;;a;
ярко;;adv;
переводиться;;v;
облако;;s;
муж;s;;
шкурка;;s;
кожа;s;;
догадываться;v;;
кость;s;;
пляска;;s;
приглашение;s;;
долго;;adv;
знакомец;s;;
отсасывать;v;;
мертвец;s;;
пышно;;adv;
рельс;;s;
камфара;s;;
ожидание;s;;
операционный;a;;
говор;;s;
светиться;;v;
раздавливать;v;;
неудержимо;adv;;
мода;;s;
выселки;;s;
покусать;v;;
туча;;s;
рябина;;s;
поддевка;;s;
камин;s;;
голубой;;a;
ноябрьский;;a;
ноябрь;;s;
сентябрь;;s;
здравый;a;;
персидский;;a;
шуточка;;s;
росчерк;;s;
совсем;;adv;
озаряться;;v;
показываться;v;;
веять;;v;
картина;s;;
взвизгивать;v;;
перебирать;;v;
старик;;s;
древесный;;a;
развертывать;;v;
гитара;;s;
млечный;;a;
телеграфный;;a;
обвести;v;;
блеск;;s;
младой;;a;
выступать;v;;
надевать;;v;
передавать;;v;
зиять;v;;
шершавый;;a;
екатерининский;;a;
потерять;v;;
усталость;;s;
инстинкт;s;;
легкий;;a;
шустрый;;a;
громадный;a;;
борзая;;s;
торопливо;;adv;
ласково;adv;;
дьявольски;adv;;
свешиваться;v;;
особенно;;adv;
разум;;s;
нищенство;;s;
баня;s;;
немножко;num;;
сон;;s;
анатомический;a;;
лад;;s;
простыня;s;;
синеватый;;a;
напыщенный;;a;
пространный;;a;
униматься;;v;
пятно;s;;
очутиться;v;;
напутственный;a;;
тесть;;s;
жидкий;;a;
совет;s;;
лиловый;;a;
никитский;a;;
солнечный;;a;
санки;;s;
впереди;;pr;
лампада;;s;
звездочка;;s;
охотник;;s;
необычный;a;;
собственный;a;;
жаль;adv;;
чертить;;v;
дрозд;;s;
работать;v;;
укус;s;;
дура;s;;
пестик;s;;
приятный;;a;
просыпать;;v;
десна;s;;
призрение;;s;
зелень;;s;
дворовый;;a;
сминать;v;;
взреветь;v;;
антоновский;;a;
живучий;a;;
перевод;;s;
полк;s;;
слеза;s;;
гончая;;s;
борода;s;;
здоровый;;a;
антоновка;;s;
абажур;s;;
колено;s;;
ниточка;s;;
затем;adv;;
испытывать;v;;
груда;s;;
резко;;adv;
остаток;s;;
здорово;;part;
лестница;s;;
голубь;;s;
умолять;v;;
искусственный;a;;
понимать;v;;
сильно;;adv;
хвост;;s;
снег;;s;
впрыскивать;v;;
доходить;v;;
удивительный;;a;
погребать;v;;
ложиться;;v;
припадать;v;;
бродить;;v;
сивый;;a;
затихать;v;;
сливать;;v;
приезжать;v;;
прицеливаться;v;;
навозный;;a;
покупать;;v;
вспыхивать;v;;
лигатура;s;;
полоска;;s;
поглядывать;;v;
необыкновенно;;adv;
встреча;s;;
подумать;v;;
тайна;;s;
вырисовываться;;v;
жадно;;adv;
зловещий;;a;
осенний;;a;
кучер;;s;
кукушка;;s;
посреди;;pr;
разговор;;s;
тетка;;s;
кабы;;conj;
повалить;v;;
маринад;;s;
похрапывать;;v;
когда;;conj;
грудь;;s;
покачивать;;v;
воображение;s;;
волновать;;v;
бедняк;s;;
гулкий;;a;
обыкновение;;s;
ни;part;;
достойный;;a;
ослепительно;;adv;
помогать;v;;
кадушка;;s;
безжизненный;a;;
человеческий;a;;
неужели;part;;
медленно;;adv;
подтягиваться;;v;
холодно;;adv;
жнивье;;s;
махорка;;s;
папироса;;s;
пробивать;v;;
обеднеть;;v;
кресло;;s;
вкладывать;v;;
закипать;;v;
внутренний;a;;
успевать;v;;
делаться;;v;
ожидаться;v;;
безмолвный;;a;
пропадать;;v;
пуля;s;;
разряжать;v;;
хутор;;s;
мешать;;v;
заезжать;;v;
лук;;s;
отвечать;v;;
кисловатый;;a;
холод;;s;
губа;s;;
культя;s;;
кроме;pr;;
перепрыгивать;;v;
дикарский;;a;
спрашивать;v;;
ропот;s;;
барыня;;s;
занятый;;a;
возок;;s;
ботфорт;s;;
померкнуть;v;;
убитый;;s;
опасность;s;;
ради;pr;;
пойти;v;;
тихо;;adv;
палата;s;;
куст;s;;
подавиться;v;;
широко;;adv;
обед;;s;
деревенский;;a;
душа;;s;
донец;;s;
круг;;s;
левый;s;;
мышца;s;;
береза;;s;
благополучие;;s;
заманчивый;;a;
сосновый;a;;
марля;s;;
прическа;;s;
громкий;a;;
увлекаться;;v;
чепец;s;;
выжигать;;v;
небо;;s;
костюм;;s;
путь;;s;
считать;v;;
основательно;;adv;
бок;;s;
музыкальный;;a;
сапог;;s;
пять;num;;
курица;;s;
баритон;;s;
писать;v;;
коралловый;;a;
православный;s;;
волос;s;;
посереть;;v;
мягкий;;a;
трогать;v;;
прежде;;pr;
шарахнуться;v;;
устанавливать;v;;
засыхать;v;;
сбруя;;s;
краска;;s;
прикрывать;v;;
невысокий;;a;
край;s;;
бывать;;v;
осень;;s;
закатить;;v;
сила;s;;
вынимать;v;;
колкий;;a;
всегда;;advpro;
ножка;;s;
горошек;;s;
наборный;;a;
клеенка;s;;
переплет;;s;
отталкивать;v;;
стаж;s;;
косточка;s;;
отдел;s;;
слышно;;adv;
около;;pr;
кротко;;adv;
поместье;;s;
поверхность;;s;
поздний;;a;
дыбом;adv;;
рак;s;;
вдавливать;v;;
план;;s;
происшествие;s;;
витой;;a;
верх;s;;
составлять;v;;
тампон;s;;
затрещать;v;;
скамеечка;;s;
ветер;;s;
полковник;s;;
купец;s;;
топтать;v;;
передний;;a;
пощечина;s;;
постройка;;s;
черт;s;;
возвращаться;;v;
гусиный;;a;
представляться;;v;
вознесение;s;;
кочерга;s;;
одиночество;;s;
схватывать;v;;
совершенно;adv;;
великолепный;;a;
топить;;v;
разный;a;;
издавать;;v;
рот;s;;
мрачно;adv;;
барабан;;s;
конец;s;;
пчела;;s;
поклон;s;;
мещанин;;s;
баба;s;;
каково;advpro;;
странно;adv;;
остро;adv;;
целить;v;;
порваться;v;;
юркнуть;v;;
наперерез;;adv;
рыжеватый;a;;
сетка;;s;
тройка;;s;
голый;;a;
подлый;a;;
множество;;s;
прежний;;a;
двор;;s;
унижение;s;;
дама;s;;
золотой;;s;
безрукавка;;s;
сало;;s;
продавать;v;;
может;;adv;
одобрять;v;;
мокрый;;a;
местность;;s;
полоснуть;v;;
общественный;;a;
про;;pr;
ход;;s;
рассказывать;v;;
вор;s;;
чахоточный;;a;
горячий;;a;
качаться;;v;
заступать;;v;
обходить;v;;
нарушать;;v;
бегать;;v;
проходить;v;;
разметать;;v;
столетний;;a;
декламировать;;v;
сто;;num;
гармоника;;s;
смерть;s;;
лисий;a;;
инкрустация;;s;
село;;s;
обнажать;v;;
связь;;s;
вперед;pr;;
корточки;;s;
мочь;v;;
сочувствие;s;;
ровный;;a;
откуда;;advpro;
мальчишка;;s;
объявлять;v;;
закрадываться;;v;
закричать;v;;
треугольный;a;;
разваливаться;v;;
резкость;s;;
орден;;s;
преодолевать;v;;
заповедный;;a;
скользить;;v;
пук;;s;
уголок;;s;
припоминать;v;;
жена;s;;
сытый;;a;
отставка;;s;
помирать;v;;
дрова;;s;
тело;s;;
свежий;;a;
рама;;s;
пропахнуть;;v;
север;;s;
обстановка;s;;
сухой;;a;
пить;;v;
побежать;;v;
никакой;apro;;
ружье;;s;
осаживать;;v;
лес;;s;
вокруг;;pr;
убегать;;v;
нечего;;advpro;
женственно;;adv;
баранина;;s;
шестой;;anum;
росинка;s;;
хозяйство;;s;
трепещущий;;a;
бал;s;;
труба;;s;
настраиваться;;v;
стук;;s;
карандаш;s;;
нос;s;;
оглушать;v;;
пустынно;;adv;
утерпеть;v;;
ледяной;;a;
суетиться;;v;
космы;;s;
меж;;pr;
лететь;;v;
след;s;;
жила;s;;
жеребец;;s;
лепить;;v;
случайно;;adv;
действовать;v;;
освещать;v;;
собственно;part;;
ужас;s;;
мечта;;s;
благопристойный;a;;
чиновный;a;;
стон;;s;
вал;;s;
отпадать;v;;
бурно;adv;;
созвездие;;s;
лисица;;s;
полянка;;s;
бойко;;adv;
людно;;adv;
стеклянный;a;;
барин;;s;
усилие;s;;
застилать;v;;
пробиваться;;v;
лохматый;;a;
грубый;;a;
захотеть;v;;
покойница;s;;
неприятный;a;;
надворный;;a;
понемногу;;adv;
услышать;;v;
негодование;s;;
тут;advpro;;
молотить;;v;
косяк;;s;
причем;conj;;
утро;;s;
серебряный;;a;
покой;;s;
сиять;;v;
шуршать;;v;
ящик;;s;
постромка;;s;
закружиться;v;;
второпях;adv;;
матерый;;a;
двигаться;;v;
верховой;;s;
ясный;;a;
гора;;s;
хотя;;part;
просить;v;;
зайти;v;;
бриллиантовый;;a;
нужно;adv;;
прозрачный;;a;
без;pr;;
копыто;;s;
человек;s;;
чтобы;conj;;
если;;conj;
пожелать;v;;
тучный;;a;
бугор;s;;
чрезвычайно;adv;;
терять;;v;
свернуться;;v;
велеть;v;;
превышать;v;;
кора;;s;
урожайный;;a;
много;;num;
чаща;;s;
обладатель;;s;
перламутровый;;a;
верхний;;a;
ядреный;;a;
толпиться;;v;
сохраняться;;v;
трогаться;;v;
жилье;;s;
стараться;v;;
приближаться;v;;
непрерывно;;adv;
пальто;s;;
господский;;a;
повод;s;;
муха;s;;
растапливать;;v;
назад;;adv;
струна;;s;
толпа;s;;
холст;;s;
нежный;;a;
поддерживать;;v;
съезжаться;;v;
проворный;;a;
изба;;s;
длина;;s;
безжизненно;adv;;
давление;s;;
дьявольщина;s;;
обнаженный;;a;
жестяной;a;;
полдень;;s;
висеть;v;;
покрикивать;;v;
величина;;s;
сотовый;;a;
напугать;;v;
овчарка;;s;
наполовину;;adv;
полузакрытый;a;;
мерин;;s;
повар;;s;
дуэль;s;;
вытекать;v;;
полный;a;;
крутить;;v;
ротонда;s;;
тупо;;adv;
приветствие;s;;
уверенность;s;;
клочок;s;;
покойный;;s;
трудно;;adv;
хлеб;;s;
проситься;;v;
церемониться;v;;
посмотреть;v;;
век;;s;
потянуть;;v;
аллегория;;s;
мужчина;s;;
узенький;;a;
жарко;adv;;
бешеный;;a;
вытягиваться;;v;
отдельно;adv;;
прострелить;v;;
полонез;;s;
сырость;;s;
раздробленный;a;;
власть;s;;
зима;;s;
присутствие;s;;
буря;;s;
лопнуть;v;;
самостоятельный;a;;
сеять;;v;
отражаться;;v;
приходить;;v;
пепельный;;a;
ток;;s;
масло;s;;
косоворотка;;s;
скучно;;adv;
воздух;;s;
глотать;;v;
кровь;s;;
происходить;v;;
проволока;;s;
поехать;v;;
касаться;v;;
ощущать;;v;
пустынный;;a;
свинцовый;;a;
портрет;;s;
смочь;v;;
славно;;adv;
держать;;v;
заметаться;v;;
гладить;v;;
сменить;v;;
верхом;adv;;
беспорядочно;;adv;
окрашивать;;v;
злой;a;;
яблоня;;s;
ствол;s;;
столик;s;;
тронуть;;v;
никто;spro;;
детство;;s;
вспоминаться;;v;
дворянин;;s;
кухарка;;s;
откинуть;;v;
фаршированный;;a;
почернеть;;v;
завязывать;;v;
работник;;s;
чтение;;s;
смех;;s;
ус;s;;
уметь;v;;
хотеть;v;;
корова;;s;
густой;;a;
мирный;;a;
философский;;a;
тарелка;;s;
блистать;;v;
потолок;s;;
четко;;adv;
погода;;s;
мера;;s;
расстраивать;v;;
свертывать;v;;
поминутно;;adv;
женский;a;;
нарочно;adv;;
принуждать;v;;
насилие;s;;
помчаться;;v;
глухо;adv;;
киргиз;;s;
благовест;;s;
мечтательный;;a;
двадцать;;num;
гипс;s;;
вдохновенно;adv;;
сословие;;s;
поздно;adv;;
перина;;s;
привод;;s;
сосед;;s;
самостоятельность;s;;
закрываться;;v;
перо;;s;
хлестать;;v;
разрывать;v;;
дробный;;a;
лохмы;s;;
право;;s;
взяться;v;;
стройный;;a;
скелет;s;;
настойчиво;;adv;
глухой;;s;
сочинять;;v;
ситник;;s;
прибаутка;;s;
искра;s;;
склон;;s;
рубище;s;;
визг;;s;
угол;s;;
свора;;s;
дубрава;;s;
дуть;;v;
зашивать;v;;
оказываться;v;;
книга;;s;
лоб;s;;
тоска;;s;
многие;spro;;
длинный;;a;
глубина;;s;
замирать;;v;
строить;;v;
билет;s;;
ну;;part;
соображать;v;;
сперва;;adv;
рвать;;v;
падать;;v;
девичий;a;;
открытый;;a;
помещик;;s;
собирать;;v;
насквозь;;adv;
побывать;v;;
росистый;;a;
паника;s;;
глава;;s;
операция;s;;
наследство;;s;
отдавать;v;;
колтун;s;;
протез;s;;
подол;;s;
ворох;;s;
зажимать;v;;
звонко;adv;;
фигура;;s;
зал;;s;
алый;a;;
яйцо;;s;
вдали;;adv;
отставной;a;;
озябнуть;;v;
голодный;;a;
гроб;s;;
яд;s;;
мрак;;s;
секунда;s;;
боковой;a;;
истрепанный;;a;
набухать;v;;
капля;s;;
опытный;a;;
возноситься;;v;
равный;a;;
виновато;;adv;
вспоминать;v;;
убор;;s;
молния;s;;
спорить;v;;
например;;adv;
оставлять;v;;
шалун;;s;
треснуть;v;;
сени;;s;
покоситься;v;;
рогожа;;s;
видно;;adv;
даль;;s;
оглянуться;v;;
звук;;s;
мясо;s;;
трещать;;v;
роза;;s;
кошмарный;a;;
однотонный;;a;
обзаводиться;;v;
известие;s;;
ссыпать;;v;
вести;;v;
наружу;adv;;
деревня;;s;
враждебный;a;;
часто;;adv;
мужицкий;;a;
возить;;v;
юридический;a;;
брызги;s;;
рубить;;v;
вставать;;v;
зеркало;;s;
раствор;s;;
седой;;a;
полураскрытый;;a;
ощущение;;s;
граф;s;;
каретный;;a;
вареный;;a;
озарять;;v;
лицеист;;s;
сушеный;;a;
взвиваться;;v;
сумрачный;;a;
сказывать;v;;
мутный;a;;
оказывать;v;;
оттого;;advpro;
романтический;;a;
любить;;v;
июнь;;s;
высасывать;v;;
мозг;s;;
натыкать;v;;
лишаться;v;;
приказание;s;;
калитка;s;;
свет;;s;
мороз;;s;
прочий;apro;;
впадина;;s;
усыпать;;v;
барский;;a;
сумрачно;;adv;
пульс;s;;
несокрушимый;;a;
выдавать;v;;
полночь;;s;
напечатать;;v;
замелькать;;v;
сука;;s;
беременный;;a;
портки;;s;
пустой;;a;
гроздь;s;;
столб;;s;
бесконечный;;a;
усмешка;s;;
кликнуть;v;;
хозяйственный;;a;
листва;;s;
обруч;;s;
лишь;part;;
движение;s;;
государь;;s;
однажды;adv;;
копейка;;s;
четверть;s;;
круто;;adv;
едва;conj;;
должно;adv;;
корешок;;s;
способность;;s;
злобный;a;;
окончательно;adv;;
славиться;;v;
древний;;a;
громко;;adv;
шприц;s;;
гончий;;a;
приставать;v;;
звезда;;s;
лилия;;s;
пахнуть;;v;
приказ;;s;
уста;s;;
сломать;v;;
собака;;s;
небритый;a;;
заупрямиться;v;;
чертог;;s;
появляться;;v;
порядочно;adv;;
кирпичный;;a;
ватага;;s;
водка;;s;
лошадь;;s;
солома;;s;
роман;;s;
являться;v;;
лист;;s;
значит;;part;
хмурый;;a;
высоко;;adv;
отпирать;v;;
предполагать;v;;
эх;;intj;
вкусный;;a;
увезти;;v;
крылышко;;s;
угадывать;v;;
ненавидеть;v;;
предсмертный;a;;
теленок;;s;
ночевка;;s;
коротенький;;a;
тоскливо;;adv;
снисходительный;;a;
десять;num;;
невозможно;;adv;
чтоб;conj;;
небольшой;;a;
яблоко;;s;
шаровары;;s;
широкий;;a;
перелом;s;;
господин;;s;
учреждение;s;;
храниться;;v;
наступать;;v;
об;pr;;
рассуждать;;v;
вполне;;adv;
проваливаться;v;;
беловатый;a;;
разглядеть;v;;
чистота;;s;
учебник;s;;
перед;;s;
призрак;;s;
выглядывать;;v;
потерпеть;v;;
прохладно;;adv;
сарай;;s;
час;s;;
рана;s;;
церковный;;a;
разбирать;;v;
объедаться;;v;
фасад;;s;
посуда;;s;
седло;;s;
сейчас;advpro;;
оставаться;v;;
ждать;v;;
торчать;v;;
снеговой;;a;
подхлестывать;v;;
позвать;v;;
молотилка;;s;
занавеска;;s;
селение;;s;
смысл;s;;
торговать;;v;
пора;;s;
больше;num;;
окошечко;;s;
редкий;a;;
мол;;s;
срезать;v;;
вступаться;v;;
угловой;;a;
палец;s;;
ливень;;s;
кочерыжка;s;;
печальный;;a;
отпускать;v;;
понятный;a;;
носилки;;s;
опрокидывать;v;;
стыдиться;v;;
дрожь;s;;
красавец;;s;
словно;part;;
прохладный;;a;
приветливо;;adv;
обкладывать;;v;
кнут;;s;
заключать;v;;
зевать;;v;
обрастать;v;;
услуга;s;;
приниматься;;v;
ущемлять;v;;
спешить;;v;
юбка;s;;
седлать;;v;
куковать;;v;
благо;;s;
заливать;;v;
виноватый;;a;
шаль;;s;
наткнуться;;v;
расстегнуть;;v;
шанс;s;;
умирать;v;;
самовар;;s;
вы;spro;;
тиски;s;;
хорошо;;part;
вращаться;;v;
соглашаться;v;;
прялка;;s;
запущенность;;s;
одеваться;;v;
ампула;s;;
визжать;v;;
спазм;s;;
растягиваться;;v;
торговля;;s;
готовить;v;;
гнездо;;s;
рыжий;;s;
топот;;s;
усадьба;;s;
замечать;;v;
глянуть;v;;
прощать;v;;
поселянин;;s;
ох;intj;;
битюг;;s;
удерживаться;v;;
дряхлый;;a;
простой;;s;
нищенский;;a;
вглядываться;v;;
указывать;v;;
сочинение;;s;
иногда;;adv;
тишина;;s;
народ;;s;
ли;part;;
шелковый;;a;
медный;;a;
бочка;;s;
переполненный;;a;
сызнова;adv;;
товарищ;s;;
праздник;;s;
прочный;;a;
бедный;a;;
выстреливать;v;;
ваш;apro;;
мундир;s;;
полушарие;;s;
аллея;;s;
акушерка;s;;
твой;apro;;
подкашиваться;v;;
рукав;;s;
теряться;v;;
шепнуть;v;;
насмешливо;;adv;
делиться;;v;
отличаться;v;;
важный;;a;
охотиться;;v;
тускло;;adv;
бабочка;;s;
мгновение;s;;
мертвый;;s;
эхо;s;;
здесь;advpro;;
косить;;v;
конечно;;part;
глядеть;;v;
прибавлять;;v;
струя;;s;
грустно;;adv;
поп;;s;
людской;;a;
погонщик;;s;
ужасный;a;;
ветвь;;s;
покупатель;;s;
точка;;s;
двое;;num;
обижать;v;;
бодрый;;a;
повеса;s;;
однообразный;;a;
правый;s;;
окликать;v;;
искомый;a;;
молча;adv;;
сбросить;v;;
примус;s;;
воздерживаться;v;;
страх;s;;
приказывать;;v;
себе;part;;
пинцет;s;;
стая;;s;
крытый;;a;
убийство;s;;
обходиться;v;;
сплевывать;v;;
слепой;;s;
подбородок;s;;
любой;apro;;
кровать;;s;
физиологический;a;;
темнеть;;v;
впечатление;;s;
выделяться;;v;
новый;;a;
готовый;a;;
крепкий;;a;
просыпаться;;v;
крест;;s;
низкий;;a;
пистолет;s;;
глубоко;adv;;
становиться;v;;
крупно;;adv;
овраг;;s;
кой;apro;;
сурово;adv;;
подтаскивать;v;;
рвань;s;;
томный;;a;
отзываться;v;;
полоса;;s;
средний;;a;
сдавливать;v;;
холстина;s;;
звенеть;;v;
цветной;;a;
удивительно;adv;;
дуло;;s;
авось;;part;
честный;a;;
вой;s;;
злобно;adv;;
слог;;s;
мебель;;s;
мрачный;;a;
уходить;v;;
есть;;v;
бросаться;v;;
темный;;a;
храп;s;;
флигель;;s;
сержант;s;;
дедовский;;a;
кровавый;a;;
даром;adv;;
пустеть;;v;
хрипеть;;v;
сукно;s;;
оцепенение;s;;
садовник;;s;
сторона;s;;
укусить;v;;
пот;s;;
цыган;;s;
по;;pr;
раздумывать;v;;
равнина;;s;
заставлять;v;;
угроза;s;;
дорожный;a;;
веер;;s;
застегивать;;v;
провал;s;;
совершать;v;;
трое;;num;
встрепенуться;;v;
вязать;v;;
разрушаться;;v;
худощавый;;a;
глубокий;;a;
почувствовать;v;;
сосуд;s;;
ослепительный;a;;
навстречу;;adv;
пилить;v;;
философ;;s;
тридцатилетний;a;;
отдых;;s;
токмо;;part;
срываться;;v;
липа;;s;
кто;spro;;
вырыть;;v;
служащий;s;;
графиня;s;;
крыша;;s;
постигать;v;;
столетие;;s;
укорачивать;v;;
молельный;;a;
скачка;;s;
компания;s;;
лошадиный;;a;
заря;;s;
клуб;;s;
желать;;v;
свежесть;;s;
сматываться;v;;
твердить;v;;
крупный;a;;
каждый;apro;;
въезжать;;v;
разлетаться;v;;
запад;;s;
бабушка;;s;
шумно;;adv;
рост;;s;
честь;v;;
дом;;s;
стих;;s;
домой;adv;;
карман;s;;
три;;num;
таков;;apro;
капуста;;s;
помещичий;;a;
вариться;;v;
старание;s;;
беседа;;s;
живо;;adv;
черно;;adv;
шалаш;;s;
театр;s;;
нести;v;;
степенный;;a;
священный;;a;
медлить;v;;
пред;;pr;
гул;;s;
бумажный;a;;
упасть;v;;
грязь;;s;
настраивать;;v;
обнимать;;v;
просьба;s;;
дуля;;s;
адрес;s;;
заглядывать;v;;
выплывать;;v;
мятый;a;;
утренний;;a;
тульский;;a;
гудеть;;v;
шов;s;;
пожаловать;v;;
редкость;;s;
изорвать;v;;
значок;;s;
надолго;;adv;
лето;;s;
строго;;adv;
зимний;;a;
увидать;v;;
волна;s;;
бархатный;;a;
трубочка;s;;
страдание;;s;
смиренно;adv;;
заспанный;;a;
вооружать;v;;
увидеть;v;;
альманах;;s;
проказа;;s;
труп;s;;
запальчивость;s;;
блестеть;;v;
зверь;;s;
заверять;v;;
пушистый;;a;
звонкий;;a;
судьба;s;;
умываться;;v;
минута;s;;
рано;;adv;
заряжать;v;;
плесень;;s;
чужой;s;;
сумерки;;s;
отлично;adv;;
переходить;;v;
чей;apro;;
узнавать;v;;
сам;apro;;
гадливый;a;;
гостиная;;s;
трепать;;v;
еда;;s;
манерный;;a;
ранний;;a;
третий;anum;;
натягивать;;v;
грибной;;a;
кинуть;v;;
собираться;v;;
беззвучный;a;;
ступа;s;;
ловко;adv;;
растрепанный;;a;
ситцевый;a;;
позеленеть;;v;
рассыпаться;v;;
звено;s;;
пешком;adv;;
помощь;s;;
охота;;s;
раскраснеться;;v;
коренастый;;a;
нож;s;;
чуть;conj;;
угощение;;s;
шерсть;;s;
жирный;a;;
забираться;v;;
гребень;;s;
день;;s;
гостеприимный;;a;
деревянный;;a;
уезжать;;v;
восклицание;s;;
колпак;s;;
славный;;a;
гнев;s;;
оканчивать;v;;
охватывать;v;;
невмочь;adv;;
значить;v;;
шутливо;;adv;
широкоплечий;;a;
ловкий;;a;
раздвоение;s;;
соловей;;s;
продолговатый;a;;
мелькать;;v;
жужжание;;s;
ярмарка;;s;
более;;num;
шест;s;;
между;;pr;
хлоп;intj;;
фуражка;s;;
малиновый;;a;
нега;;s;
беда;;s;
пожелтеть;;v;
превращаться;;v;
истопник;s;;
овин;;s;
мелко;;adv;
возражать;v;;
шар;s;;
людный;;a;
золотистый;;a;
солнце;;s;
приводить;v;;
отец;s;;
дворянский;;a;
признаваться;v;;
шесть;num;;
молодой;;a;
препятствие;s;;
вынести;;v;
близкий;a;;
семья;;s;
молчать;v;;
кожаный;;a;
пролетать;;v;
дон;;s;
продираться;v;;
бороться;v;;
штука;s;;
дохнуть;v;;
знать;v;;
принимать;v;;
рука;s;;
женщина;;s;
накинуть;;v;
скала;;s;
хребет;;s;
сознание;s;;
типография;;s;
исчезать;;v;
воротиться;v;;
подражать;v;;
могиканин;;s;
мед;;s;
череп;s;;
фонарь;;s;
сладкий;;a;
веко;s;;
пошатнуться;v;;
резвость;;s;
сарафан;;s;
удивленный;a;;
