'(''s'', ''v'', ''pr'', ''s'')'	35	12
'(''s'', ''pr'', ''a'', ''s'')'	29	8
'(''v'', ''pr'', ''s'', ''s'')'	25	8
'(''a'', ''s'', ''pr'', ''s'')'	25	5
'(''s'', ''pr'', ''s'', ''v'')'	25	5
'(''pr'', ''s'', ''pr'', ''s'')'	22	5
'(''a'', ''conj'', ''a'', ''s'')'	21	3
'(''a'', ''s'', ''a'', ''s'')'	19	3
'(''a'', ''s'', ''pr'', ''a'')'	18	3
'(''s'', ''s'', ''pr'', ''s'')'	18	5
'(''v'', ''pr'', ''a'', ''s'')'	17	
'(''pr'', ''s'', ''a'', ''s'')'	16	
'(''a'', ''s'', ''v'', ''s'')'	16	
'(''s'', ''s'', ''s'', ''s'')'	16	
'(''s'', ''v'', ''a'', ''s'')'	16	
'(''pr'', ''a'', ''a'', ''s'')'	15	
'(''s'', ''pr'', ''s'', ''conj'')'	15	
'(''pr'', ''s'', ''v'', ''s'')'	15	
'(''a'', ''s'', ''v'', ''pr'')'	15	
'(''s'', ''s'', ''v'', ''pr'')'	14	
'(''s'', ''pr'', ''s'', ''s'')'	14	
'(''s'', ''conj'', ''s'', ''s'')'	14	
'(''v'', ''pr'', ''s'', ''pr'')'	14	
'(''s'', ''v'', ''pr'', ''a'')'	14	
'(''s'', ''a'', ''s'', ''s'')'	13	
'(''s'', ''v'', ''s'', ''conj'')'	13	
'(''pr'', ''s'', ''v'', ''pr'')'	13	
'(''conj'', ''v'', ''pr'', ''s'')'	13	
'(''adv'', ''v'', ''pr'', ''s'')'	13	
'(''s'', ''s'', ''conj'', ''s'')'	13	
'(''s'', ''s'', ''pr'', ''a'')'	13	
'(''a'', ''s'', ''s'', ''s'')'	13	
'(''s'', ''v'', ''s'', ''s'')'	12	
'(''a'', ''s'', ''conj'', ''s'')'	12	
'(''conj'', ''a'', ''s'', ''s'')'	12	
'(''s'', ''pr'', ''s'', ''pr'')'	12	
'(''s'', ''v'', ''s'', ''v'')'	12	
'(''v'', ''pr'', ''s'', ''a'')'	12	
'(''v'', ''s'', ''pr'', ''s'')'	12	
'(''a'', ''s'', ''s'', ''pr'')'	12	
'(''s'', ''conj'', ''pr'', ''s'')'	11	
'(''s'', ''s'', ''a'', ''s'')'	11	
'(''v'', ''pr'', ''s'', ''conj'')'	11	
'(''pr'', ''s'', ''s'', ''pr'')'	11	
'(''pr'', ''s'', ''s'', ''v'')'	11	
'(''s'', ''a'', ''s'', ''a'')'	11	
'(''v'', ''s'', ''s'', ''s'')'	10	
'(''pr'', ''a'', ''s'', ''v'')'	10	
'(''s'', ''v'', ''conj'', ''v'')'	10	
'(''s'', ''pr'', ''apro'', ''s'')'	10	
'(''s'', ''a'', ''a'', ''s'')'	10	
'(''s'', ''conj'', ''a'', ''s'')'	10	
'(''s'', ''conj'', ''s'', ''v'')'	10	
'(''pr'', ''a'', ''s'', ''pr'')'	10	
'(''v'', ''pr'', ''s'', ''v'')'	9	
'(''s'', ''s'', ''s'', ''v'')'	9	
'(''s'', ''s'', ''s'', ''conj'')'	9	
'(''a'', ''a'', ''s'', ''v'')'	9	
'(''pr'', ''a'', ''s'', ''s'')'	9	
'(''v'', ''a'', ''s'', ''pr'')'	9	
'(''s'', ''s'', ''s'', ''pr'')'	9	
'(''s'', ''a'', ''s'', ''v'')'	9	
'(''s'', ''s'', ''v'', ''s'')'	9	
'(''a'', ''s'', ''s'', ''v'')'	9	
'(''s'', ''adv'', ''v'', ''s'')'	9	
'(''s'', ''a'', ''s'', ''pr'')'	9	
'(''adv'', ''v'', ''a'', ''s'')'	9	
'(''pr'', ''a'', ''s'', ''conj'')'	8	
'(''conj'', ''a'', ''s'', ''pr'')'	8	
'(''pr'', ''s'', ''s'', ''s'')'	8	
'(''s'', ''a'', ''s'', ''conj'')'	8	
'(''pr'', ''s'', ''conj'', ''s'')'	8	
'(''a'', ''a'', ''s'', ''pr'')'	8	
'(''s'', ''s'', ''adv'', ''v'')'	8	
'(''a'', ''s'', ''s'', ''a'')'	8	
'(''s'', ''v'', ''s'', ''pr'')'	8	
'(''v'', ''a'', ''s'', ''v'')'	8	
'(''s'', ''conj'', ''v'', ''pr'')'	8	
'(''v'', ''a'', ''conj'', ''a'')'	7	
'(''v'', ''s'', ''v'', ''pr'')'	7	
'(''pr'', ''a'', ''conj'', ''a'')'	7	
'(''a'', ''s'', ''adv'', ''v'')'	7	
'(''a'', ''s'', ''conj'', ''v'')'	7	
'(''s'', ''pr'', ''s'', ''adv'')'	7	
'(''conj'', ''v'', ''s'', ''s'')'	7	
'(''pr'', ''s'', ''conj'', ''pr'')'	7	
'(''s'', ''conj'', ''part'', ''v'')'	7	
'(''s'', ''adv'', ''v'', ''pr'')'	7	
'(''pr'', ''s'', ''adv'', ''v'')'	7	
'(''s'', ''spro'', ''v'', ''pr'')'	7	
'(''spro'', ''v'', ''pr'', ''s'')'	7	
'(''v'', ''s'', ''v'', ''s'')'	7	
'(''v'', ''a'', ''a'', ''s'')'	6	
'(''pr'', ''apro'', ''s'', ''v'')'	6	
'(''conj'', ''a'', ''s'', ''v'')'	6	
'(''s'', ''pr'', ''a'', ''a'')'	6	
'(''v'', ''spro'', ''pr'', ''s'')'	6	
'(''s'', ''v'', ''v'', ''s'')'	6	
'(''part'', ''v'', ''pr'', ''s'')'	6	
'(''s'', ''v'', ''adv'', ''conj'')'	6	
'(''a'', ''a'', ''s'', ''s'')'	6	
'(''v'', ''s'', ''s'', ''pr'')'	6	
'(''s'', ''v'', ''pr'', ''spro'')'	6	
'(''s'', ''pr'', ''a'', ''conj'')'	6	
'(''conj'', ''pr'', ''s'', ''v'')'	6	
'(''s'', ''conj'', ''adv'', ''v'')'	6	
'(''conj'', ''s'', ''s'', ''s'')'	6	
'(''pr'', ''s'', ''conj'', ''v'')'	6	
'(''v'', ''s'', ''adv'', ''v'')'	6	
'(''v'', ''conj'', ''v'', ''pr'')'	6	
'(''v'', ''a'', ''s'', ''a'')'	6	
'(''v'', ''a'', ''s'', ''s'')'	6	
'(''a'', ''s'', ''conj'', ''a'')'	6	
'(''pr'', ''s'', ''spro'', ''v'')'	5	
'(''a'', ''a'', ''s'', ''conj'')'	5	
'(''pr'', ''s'', ''pr'', ''a'')'	5	
'(''s'', ''pr'', ''s'', ''a'')'	5	
'(''v'', ''adv'', ''conj'', ''adv'')'	5	
'(''s'', ''s'', ''a'', ''a'')'	5	
'(''v'', ''conj'', ''v'', ''s'')'	5	
'(''pr'', ''apro'', ''s'', ''s'')'	5	
'(''v'', ''s'', ''a'', ''s'')'	5	
'(''pr'', ''s'', ''v'', ''conj'')'	5	
'(''s'', ''s'', ''pr'', ''spro'')'	5	
'(''spro'', ''s'', ''v'', ''s'')'	5	
'(''s'', ''s'', ''s'', ''a'')'	5	
'(''a'', ''a'', ''s'', ''a'')'	5	
'(''conj'', ''a'', ''a'', ''s'')'	5	
'(''pr'', ''s'', ''apro'', ''s'')'	5	
'(''s'', ''s'', ''v'', ''a'')'	5	
'(''adv'', ''conj'', ''adv'', ''v'')'	5	
'(''v'', ''s'', ''pr'', ''a'')'	5	
'(''s'', ''conj'', ''s'', ''a'')'	5	
'(''v'', ''s'', ''conj'', ''v'')'	5	
'(''pr'', ''apro'', ''a'', ''s'')'	5	
'(''s'', ''s'', ''pr'', ''apro'')'	5	
'(''a'', ''s'', ''a'', ''conj'')'	5	
'(''pr'', ''s'', ''v'', ''a'')'	5	
'(''v'', ''s'', ''s'', ''conj'')'	5	
'(''s'', ''pr'', ''s'', ''apro'')'	5	
'(''a'', ''a'', ''s'', ''apro'')'	5	
'(''s'', ''conj'', ''v'', ''s'')'	5	
'(''conj'', ''adv'', ''v'', ''pr'')'	5	
'(''s'', ''pr'', ''spro'', ''v'')'	5	
'(''pr'', ''s'', ''s'', ''conj'')'	5	
'(''v'', ''v'', ''s'', ''s'')'	5	
'(''a'', ''s'', ''v'', ''a'')'	5	
'(''adv'', ''v'', ''s'', ''s'')'	5	
'(''pr'', ''s'', ''v'', ''v'')'	5	
'(''conj'', ''part'', ''v'', ''s'')'	5	
'(''s'', ''pr'', ''v'', ''s'')'	4	
'(''s'', ''a'', ''conj'', ''a'')'	4	
'(''v'', ''s'', ''v'', ''a'')'	4	
'(''part'', ''s'', ''v'', ''s'')'	4	
'(''conj'', ''s'', ''a'', ''s'')'	4	
'(''v'', ''pr'', ''a'', ''a'')'	4	
'(''apro'', ''v'', ''s'', ''s'')'	4	
'(''s'', ''s'', ''v'', ''adv'')'	4	
'(''a'', ''s'', ''s'', ''conj'')'	4	
'(''adv'', ''pr'', ''s'', ''v'')'	4	
'(''a'', ''s'', ''v'', ''conj'')'	4	
'(''a'', ''s'', ''v'', ''spro'')'	4	
'(''s'', ''s'', ''conj'', ''part'')'	4	
'(''conj'', ''adv'', ''v'', ''spro'')'	4	
'(''part'', ''a'', ''s'', ''v'')'	4	
'(''a'', ''s'', ''v'', ''adv'')'	4	
'(''conj'', ''s'', ''v'', ''pr'')'	4	
'(''s'', ''apro'', ''s'', ''s'')'	4	
'(''pr'', ''a'', ''s'', ''apro'')'	4	
'(''v'', ''pr'', ''spro'', ''pr'')'	4	
'(''conj'', ''v'', ''s'', ''pr'')'	4	
'(''pr'', ''s'', ''conj'', ''part'')'	4	
'(''pr'', ''s'', ''s'', ''a'')'	4	
'(''s'', ''s'', ''a'', ''conj'')'	4	
'(''apro'', ''s'', ''pr'', ''s'')'	4	
'(''spro'', ''pr'', ''s'', ''s'')'	4	
'(''s'', ''adv'', ''v'', ''a'')'	4	
'(''v'', ''pr'', ''spro'', ''s'')'	4	
'(''a'', ''s'', ''a'', ''a'')'	4	
'(''a'', ''s'', ''apro'', ''s'')'	4	
'(''s'', ''adv'', ''a'', ''s'')'	4	
'(''s'', ''pr'', ''s'', ''spro'')'	4	
'(''s'', ''v'', ''s'', ''spro'')'	4	
'(''v'', ''s'', ''s'', ''a'')'	4	
'(''v'', ''pr'', ''apro'', ''s'')'	4	
'(''a'', ''s'', ''part'', ''s'')'	4	
'(''pr'', ''spro'', ''v'', ''a'')'	3	
'(''s'', ''s'', ''s'', ''advpro'')'	3	
'(''adv'', ''v'', ''spro'', ''pr'')'	3	
'(''v'', ''s'', ''s'', ''v'')'	3	
'(''apro'', ''s'', ''s'', ''v'')'	3	
'(''adv'', ''v'', ''apro'', ''a'')'	3	
'(''s'', ''v'', ''s'', ''adv'')'	3	
'(''s'', ''part'', ''s'', ''v'')'	3	
'(''a'', ''s'', ''pr'', ''spro'')'	3	
'(''conj'', ''part'', ''v'', ''pr'')'	3	
'(''v'', ''pr'', ''apro'', ''a'')'	3	
'(''s'', ''s'', ''s'', ''part'')'	3	
'(''s'', ''s'', ''apro'', ''s'')'	3	
'(''s'', ''apro'', ''v'', ''s'')'	3	
'(''s'', ''pr'', ''spro'', ''s'')'	3	
'(''pr'', ''apro'', ''s'', ''adv'')'	3	
'(''a'', ''s'', ''conj'', ''pr'')'	3	
'(''spro'', ''v'', ''pr'', ''spro'')'	3	
'(''s'', ''s'', ''apro'', ''v'')'	3	
'(''s'', ''conj'', ''part'', ''adv'')'	3	
'(''v'', ''a'', ''s'', ''conj'')'	3	
'(''adv'', ''s'', ''pr'', ''s'')'	3	
'(''s'', ''spro'', ''a'', ''s'')'	3	
'(''pr'', ''s'', ''a'', ''v'')'	3	
'(''pr'', ''apro'', ''v'', ''s'')'	3	
'(''s'', ''a'', ''conj'', ''v'')'	3	
'(''a'', ''a'', ''s'', ''part'')'	3	
'(''adv'', ''v'', ''s'', ''v'')'	3	
'(''s'', ''a'', ''conj'', ''s'')'	3	
'(''pr'', ''s'', ''a'', ''a'')'	3	
'(''adv'', ''v'', ''pr'', ''a'')'	3	
'(''v'', ''spro'', ''pr'', ''apro'')'	3	
'(''pr'', ''s'', ''s'', ''adv'')'	3	
'(''part'', ''v'', ''s'', ''v'')'	3	
'(''v'', ''s'', ''adv'', ''s'')'	3	
'(''s'', ''adv'', ''conj'', ''adv'')'	3	
'(''conj'', ''pr'', ''s'', ''s'')'	3	
'(''pr'', ''spro'', ''pr'', ''s'')'	3	
'(''v'', ''conj'', ''adv'', ''v'')'	3	
'(''v'', ''s'', ''s'', ''part'')'	3	
'(''pr'', ''a'', ''s'', ''a'')'	3	
'(''apro'', ''a'', ''s'', ''conj'')'	3	
'(''conj'', ''adv'', ''v'', ''a'')'	3	
'(''s'', ''v'', ''conj'', ''adv'')'	3	
'(''pr'', ''a'', ''s'', ''adv'')'	3	
'(''pr'', ''s'', ''conj'', ''adv'')'	3	
'(''v'', ''pr'', ''s'', ''adv'')'	3	
'(''s'', ''conj'', ''s'', ''part'')'	3	
'(''conj'', ''a'', ''s'', ''a'')'	3	
'(''s'', ''apro'', ''s'', ''v'')'	3	
'(''s'', ''conj'', ''a'', ''a'')'	3	
'(''s'', ''s'', ''v'', ''conj'')'	3	
'(''v'', ''adv'', ''pr'', ''s'')'	3	
'(''s'', ''apro'', ''s'', ''pr'')'	3	
'(''pr'', ''spro'', ''s'', ''s'')'	3	
'(''spro'', ''part'', ''v'', ''pr'')'	3	
'(''v'', ''s'', ''conj'', ''pr'')'	3	
'(''s'', ''adv'', ''adv'', ''v'')'	3	
'(''a'', ''s'', ''apro'', ''v'')'	3	
'(''pr'', ''s'', ''v'', ''adv'')'	3	
'(''s'', ''conj'', ''s'', ''pr'')'	3	
'(''s'', ''apro'', ''a'', ''s'')'	3	
'(''s'', ''spro'', ''part'', ''v'')'	3	
'(''part'', ''pr'', ''s'', ''v'')'	3	
'(''adv'', ''a'', ''s'', ''pr'')'	3	
'(''a'', ''s'', ''spro'', ''v'')'	3	
'(''s'', ''v'', ''spro'', ''pr'')'	3	
'(''spro'', ''pr'', ''s'', ''pr'')'	3	
'(''s'', ''v'', ''a'', ''conj'')'	3	
'(''s'', ''part'', ''pr'', ''s'')'	3	
'(''v'', ''apro'', ''a'', ''s'')'	3	
'(''a'', ''s'', ''pr'', ''apro'')'	3	
'(''conj'', ''a'', ''s'', ''conj'')'	3	
'(''pr'', ''s'', ''pr'', ''v'')'	3	
'(''conj'', ''s'', ''pr'', ''s'')'	3	
'(''s'', ''pr'', ''apro'', ''v'')'	3	
'(''v'', ''s'', ''conj'', ''a'')'	3	
'(''s'', ''conj'', ''v'', ''v'')'	3	
'(''pr'', ''a'', ''s'', ''part'')'	3	
'(''pr'', ''spro'', ''s'', ''v'')'	3	
'(''s'', ''s'', ''conj'', ''v'')'	3	
'(''v'', ''pr'', ''s'', ''part'')'	3	
'(''s'', ''a'', ''s'', ''spro'')'	3	
'(''pr'', ''a'', ''pr'', ''s'')'	3	
'(''pr'', ''s'', ''pr'', ''spro'')'	3	
'(''v'', ''v'', ''pr'', ''s'')'	3	
'(''s'', ''apro'', ''s'', ''conj'')'	3	
'(''s'', ''v'', ''s'', ''a'')'	3	
'(''s'', ''s.PROP'', ''s.PROP'', ''v'')'	3	
'(''pr'', ''s'', ''v'', ''part'')'	2	
'(''v'', ''pr'', ''spro'', ''adv'')'	2	
'(''adv'', ''v'', ''spro'', ''s'')'	2	
'(''a'', ''pr'', ''s'', ''a'')'	2	
'(''s'', ''v'', ''a'', ''a'')'	2	
'(''s'', ''a'', ''s'', ''adv'')'	2	
'(''v'', ''a'', ''pr'', ''apro'')'	2	
'(''pr'', ''a'', ''s'', ''spro'')'	2	
'(''s'', ''conj'', ''s'', ''spro'')'	2	
'(''s'', ''a'', ''v'', ''s'')'	2	
'(''conj'', ''s'', ''v'', ''s'')'	2	
'(''s'', ''part'', ''a'', ''s'')'	2	
'(''v'', ''s'', ''s'', ''spro'')'	2	
'(''num'', ''s'', ''s'', ''v'')'	2	
'(''v'', ''v'', ''spro'', ''pr'')'	2	
'(''a'', ''conj'', ''apro'', ''a'')'	2	
'(''adv'', ''conj'', ''adv'', ''spro'')'	2	
'(''s'', ''conj'', ''spro'', ''spro'')'	2	
'(''apro'', ''a'', ''s'', ''apro'')'	2	
'(''s'', ''v'', ''advpro'', ''s'')'	2	
'(''part'', ''s'', ''v'', ''conj'')'	2	
'(''s'', ''v'', ''adv'', ''v'')'	2	
'(''adv'', ''v'', ''s'', ''a'')'	2	
'(''s'', ''s'', ''spro'', ''adv'')'	2	
'(''s'', ''part'', ''conj'', ''v'')'	2	
'(''s'', ''adv'', ''v'', ''spro'')'	2	
'(''apro'', ''s'', ''v'', ''a'')'	2	
'(''adv'', ''conj'', ''adv'', ''s'')'	2	
'(''a'', ''conj'', ''a'', ''a'')'	2	
'(''s'', ''s'', ''s'', ''adv'')'	2	
'(''apro'', ''s'', ''s'', ''s'')'	2	
'(''apro'', ''s'', ''conj'', ''s'')'	2	
'(''s'', ''s'', ''adv'', ''pr'')'	2	
'(''s'', ''s'', ''s.PROP'', ''s.PROP'')'	2	
'(''s'', ''spro'', ''pr'', ''s'')'	2	
'(''apro'', ''s'', ''v'', ''pr'')'	2	
'(''adv'', ''v'', ''conj'', ''v'')'	2	
'(''conj'', ''s'', ''s'', ''adv'')'	2	
'(''apro'', ''a'', ''s'', ''a'')'	2	
'(''conj'', ''part'', ''adv'', ''v'')'	2	
'(''s'', ''spro'', ''v'', ''advpro'')'	2	
'(''v'', ''adv'', ''v'', ''s'')'	2	
'(''s'', ''advpro'', ''pr'', ''a'')'	2	
'(''a'', ''s'', ''conj'', ''adv'')'	2	
'(''v'', ''spro'', ''s'', ''v'')'	2	
'(''adv'', ''a'', ''a'', ''s'')'	2	
'(''s'', ''v'', ''s'', ''apro'')'	2	
'(''a'', ''s'', ''apro'', ''a'')'	2	
'(''v'', ''s'', ''adv'', ''a'')'	2	
'(''spro'', ''v'', ''pr'', ''apro'')'	2	
'(''pr'', ''s'', ''s'', ''advpro'')'	2	
'(''s'', ''s'', ''part'', ''v'')'	2	
'(''v'', ''s'', ''spro'', ''v'')'	2	
'(''spro'', ''adv'', ''s'', ''s'')'	2	
'(''apro'', ''s'', ''pr'', ''apro'')'	2	
'(''advpro'', ''pr'', ''a'', ''s'')'	2	
'(''apro'', ''a'', ''s'', ''v'')'	2	
'(''advpro'', ''v'', ''pr'', ''a'')'	2	
'(''a'', ''s'', ''s'', ''adv'')'	2	
'(''apro'', ''s'', ''adv'', ''adv'')'	2	
'(''adv'', ''v'', ''s'', ''advpro'')'	2	
'(''pr'', ''spro'', ''v'', ''s'')'	2	
'(''s'', ''v'', ''s'', ''num'')'	2	
'(''s'', ''s'', ''pr'', ''s.PROP'')'	2	
'(''pr'', ''spro'', ''part'', ''s'')'	2	
'(''v'', ''s'', ''s'', ''adv'')'	2	
'(''spro'', ''s'', ''s'', ''v'')'	2	
'(''a'', ''s'', ''apro'', ''pr'')'	2	
'(''pr'', ''s'', ''adv'', ''adv'')'	2	
'(''apro'', ''s'', ''v'', ''part'')'	2	
'(''s'', ''part'', ''s'', ''s.PROP'')'	2	
'(''pr'', ''v'', ''s'', ''v'')'	2	
'(''s'', ''pr'', ''s'', ''s.PROP'')'	2	
'(''conj'', ''s'', ''spro'', ''part'')'	2	
'(''pr'', ''apro'', ''s'', ''conj'')'	2	
'(''apro'', ''v'', ''a'', ''s'')'	2	
'(''conj'', ''part'', ''part'', ''v'')'	2	
'(''spro'', ''spro'', ''v'', ''pr'')'	2	
'(''conj'', ''pr'', ''apro'', ''s'')'	2	
'(''s'', ''adv'', ''s'', ''pr'')'	2	
'(''a'', ''conj'', ''adv'', ''v'')'	2	
'(''v'', ''s'', ''apro'', ''s'')'	2	
'(''s'', ''s'', ''conj'', ''spro'')'	2	
'(''advpro'', ''s'', ''pr'', ''a'')'	2	
'(''v'', ''v'', ''s'', ''adv'')'	2	
'(''s'', ''adv'', ''v'', ''adv'')'	2	
'(''adv'', ''a'', ''s'', ''conj'')'	2	
'(''s'', ''s'', ''spro'', ''part'')'	2	
'(''a'', ''v'', ''s'', ''s'')'	2	
'(''conj'', ''s'', ''s'', ''conj'')'	2	
'(''s'', ''v'', ''pr'', ''apro'')'	2	
'(''conj'', ''adv'', ''conj'', ''adv'')'	2	
'(''conj'', ''s'', ''part'', ''adv'')'	2	
'(''adv'', ''adv'', ''s'', ''a'')'	2	
'(''v'', ''s'', ''s'', ''apro'')'	2	
'(''spro'', ''a'', ''s'', ''v'')'	2	
'(''part'', ''s'', ''v'', ''pr'')'	2	
'(''s'', ''pr'', ''spro'', ''part'')'	2	
'(''s'', ''s'', ''conj'', ''a'')'	2	
'(''s'', ''v'', ''adv'', ''a'')'	2	
'(''s'', ''s'', ''a'', ''adv'')'	2	
'(''spro'', ''v'', ''a'', ''s'')'	2	
'(''spro'', ''part'', ''pr'', ''s'')'	2	
'(''a'', ''s'', ''spro'', ''part'')'	2	
'(''adv'', ''pr'', ''s'', ''a'')'	2	
'(''part'', ''v'', ''v'', ''v'')'	2	
'(''v'', ''spro'', ''part'', ''s'')'	2	
'(''s'', ''apro'', ''v'', ''a'')'	2	
'(''pr'', ''spro'', ''adv'', ''s'')'	2	
'(''pr'', ''s.PROP'', ''pr'', ''s.PROP'')'	2	
'(''part'', ''s'', ''s'', ''s'')'	2	
'(''s'', ''apro'', ''pr'', ''s'')'	2	
'(''s'', ''conj'', ''v'', ''a'')'	2	
'(''adv'', ''v'', ''v'', ''s'')'	2	
'(''adv'', ''v'', ''s'', ''adv'')'	2	
'(''adv'', ''s'', ''s'', ''s'')'	2	
'(''v'', ''part'', ''s'', ''v'')'	2	
'(''v'', ''pr'', ''s'', ''spro'')'	2	
'(''s'', ''s'', ''v'', ''spro'')'	2	
'(''conj'', ''v'', ''v'', ''s'')'	2	
'(''advpro'', ''a'', ''s'', ''s'')'	2	
'(''s'', ''s'', ''spro'', ''v'')'	2	
'(''part'', ''s'', ''pr'', ''s'')'	2	
'(''conj'', ''s'', ''pr'', ''a'')'	2	
'(''conj'', ''s'', ''v'', ''a'')'	2	
'(''s'', ''conj'', ''v'', ''spro'')'	2	
'(''s'', ''s'', ''advpro'', ''v'')'	2	
'(''part'', ''adv'', ''v'', ''s'')'	2	
'(''s'', ''a'', ''conj'', ''apro'')'	2	
'(''adv'', ''v'', ''spro'', ''part'')'	2	
'(''s'', ''a'', ''s'', ''apro'')'	2	
'(''s'', ''part'', ''s'', ''pr'')'	2	
'(''adv'', ''v'', ''s'', ''pr'')'	2	
'(''adv'', ''s'', ''a'', ''s'')'	2	
'(''adv'', ''s'', ''s'', ''v'')'	2	
'(''v'', ''v'', ''s'', ''conj'')'	2	
'(''a'', ''pr'', ''a'', ''a'')'	2	
'(''a'', ''adv'', ''adv'', ''s'')'	2	
'(''s'', ''spro'', ''adv'', ''v'')'	2	
'(''v'', ''v'', ''s'', ''pr'')'	2	
'(''v'', ''s.PROP'', ''s.PROP'', ''v'')'	2	
'(''a'', ''s'', ''v'', ''advpro'')'	2	
'(''v'', ''adv'', ''adv'', ''v'')'	2	
'(''conj'', ''pr'', ''s'', ''adv'')'	2	
'(''s'', ''adv'', ''v'', ''apro'')'	2	
'(''a'', ''adv'', ''pr'', ''s'')'	2	
'(''s'', ''v'', ''adv'', ''pr'')'	2	
'(''part'', ''part'', ''v'', ''s'')'	2	
'(''apro'', ''a'', ''conj'', ''a'')'	2	
'(''a'', ''pr'', ''s'', ''pr'')'	2	
'(''conj'', ''v'', ''pr'', ''a'')'	2	
'(''a'', ''s'', ''apro'', ''adv'')'	2	
'(''s'', ''s'', ''s'', ''apro'')'	2	
'(''part'', ''v'', ''pr'', ''a'')'	2	
'(''spro'', ''pr'', ''s'', ''v'')'	2	
'(''part'', ''v'', ''spro'', ''v'')'	2	
'(''s'', ''adv'', ''v'', ''conj'')'	2	
'(''conj'', ''pr'', ''s'', ''pr'')'	2	
'(''adv'', ''pr'', ''a'', ''s'')'	2	
'(''apro'', ''a'', ''a'', ''s'')'	2	
'(''s'', ''a'', ''a'', ''conj'')'	2	
'(''apro'', ''s'', ''s'', ''s.PROP'')'	2	
'(''spro'', ''part'', ''part'', ''v'')'	2	
'(''apro'', ''s'', ''v'', ''s'')'	2	
'(''a'', ''s'', ''s'', ''apro'')'	2	
'(''pr'', ''s'', ''conj'', ''a'')'	2	
'(''a'', ''a'', ''conj'', ''a'')'	2	
'(''pr'', ''apro'', ''s'', ''part'')'	2	
'(''s'', ''s'', ''v'', ''v'')'	2	
'(''s'', ''pr'', ''a'', ''pr'')'	2	
'(''part'', ''adv'', ''v'', ''spro'')'	2	
'(''pr'', ''v'', ''s'', ''adv'')'	2	
'(''pr'', ''s'', ''s'', ''spro'')'	2	
'(''pr'', ''s'', ''adv'', ''conj'')'	2	
'(''s'', ''part'', ''part'', ''v'')'	2	
'(''part'', ''adv'', ''v'', ''pr'')'	2	
'(''s'', ''s'', ''adv'', ''a'')'	2	
'(''v'', ''s'', ''spro'', ''a'')'	2	
'(''pr'', ''s'', ''s.PROP'', ''s.PROP'')'	2	
'(''s'', ''s'', ''part'', ''pr'')'	2	
'(''v'', ''pr'', ''s'', ''s.PROP'')'	2	
'(''spro'', ''part'', ''s'', ''v'')'	2	
'(''part'', ''part'', ''v'', ''pr'')'	2	
'(''s'', ''adv'', ''adv'', ''adv'')'	2	
'(''conj'', ''v'', ''part'', ''s'')'	2	
'(''s'', ''v'', ''conj'', ''s'')'	2	
'(''part'', ''v'', ''part'', ''adv'')'	2	
'(''part'', ''v'', ''s'', ''s'')'	2	
'(''adv'', ''s'', ''s'', ''pr'')'	2	
'(''conj'', ''adv'', ''v'', ''s'')'	2	
'(''conj'', ''s'', ''s'', ''pr'')'	2	
'(''v'', ''spro'', ''v'', ''pr'')'	2	
'(''v'', ''v'', ''v'', ''pr'')'	2	
'(''conj'', ''s'', ''apro'', ''s'')'	2	
'(''adv'', ''adv'', ''v'', ''pr'')'	2	
'(''adv'', ''conj'', ''adv'', ''conj'')'	2	
'(''s'', ''s'', ''v'', ''apro'')'	2	
'(''apro'', ''s'', ''s'', ''pr'')'	2	
'(''apro'', ''a'', ''s'', ''s'')'	2	
'(''s'', ''advpro'', ''v'', ''pr'')'	2	
'(''s'', ''advpro'', ''adv'', ''pr'')'	1	
'(''a'', ''s'', ''a'', ''pr'')'	1	
'(''s'', ''spro'', ''part'', ''pr'')'	1	
'(''conj'', ''adv'', ''conj'', ''v'')'	1	
'(''adv'', ''adv'', ''conj'', ''adv'')'	1	
'(''v'', ''adv'', ''conj'', ''a'')'	1	
'(''a'', ''conj'', ''v'', ''s'')'	1	
'(''adv'', ''v'', ''adv'', ''adv'')'	1	
'(''s.PROP'', ''v'', ''pr'', ''adv'')'	1	
'(''apro'', ''a'', ''s'', ''pr'')'	1	
'(''spro'', ''adv'', ''v'', ''conj'')'	1	
'(''v'', ''apro'', ''s'', ''pr'')'	1	
'(''apro'', ''s'', ''v'', ''conj'')'	1	
'(''v'', ''s'', ''pr'', ''apro'')'	1	
'(''v'', ''s'', ''v'', ''spro'')'	1	
'(''pr'', ''s.PROP'', ''v'', ''s'')'	1	
'(''pr'', ''s.PROP'', ''s'', ''spro'')'	1	
'(''s'', ''apro'', ''v'', ''pr'')'	1	
'(''apro'', ''pr'', ''apro'', ''v'')'	1	
'(''s.PROP'', ''v'', ''pr'', ''s'')'	1	
'(''apro'', ''s'', ''spro'', ''s'')'	1	
'(''s'', ''spro'', ''v'', ''a'')'	1	
'(''v'', ''conj'', ''part'', ''v'')'	1	
'(''a'', ''pr'', ''apro'', ''a'')'	1	
'(''v'', ''advpro'', ''v'', ''s'')'	1	
'(''s'', ''advpro'', ''pr'', ''s'')'	1	
'(''v'', ''advpro'', ''s'', ''part'')'	1	
'(''spro'', ''a'', ''conj'', ''a'')'	1	
'(''s.PROP'', ''s.PROP'', ''v'', ''part'')'	1	
'(''advpro'', ''v'', ''a'', ''a'')'	1	
'(''v'', ''adv'', ''v'', ''pr'')'	1	
'(''s'', ''a'', ''s'', ''s.PROP'')'	1	
'(''apro'', ''s'', ''adv'', ''v'')'	1	
'(''adv'', ''adv'', ''advpro'', ''spro'')'	1	
'(''part'', ''s'', ''conj'', ''a'')'	1	
'(''s'', ''conj'', ''advpro'', ''spro'')'	1	
'(''spro'', ''v'', ''advpro'', ''pr'')'	1	
'(''s'', ''v'', ''part'', ''spro'')'	1	
'(''s'', ''part'', ''adv'', ''v'')'	1	
'(''s'', ''conj'', ''part'', ''pr'')'	1	
'(''s'', ''spro'', ''v'', ''adv'')'	1	
'(''spro'', ''v'', ''pr'', ''a'')'	1	
'(''conj'', ''s'', ''part'', ''part'')'	1	
'(''conj'', ''s'', ''part'', ''num'')'	1	
'(''a'', ''conj'', ''adv'', ''a'')'	1	
'(''pr'', ''apro'', ''s'', ''pr'')'	1	
'(''v'', ''s'', ''conj'', ''s.PROP'')'	1	
'(''v'', ''part'', ''adv'', ''v'')'	1	
'(''pr'', ''s'', ''s.PROP'', ''a'')'	1	
'(''s'', ''conj'', ''spro'', ''part'')'	1	
'(''a'', ''v'', ''s'', ''conj'')'	1	
'(''s'', ''conj'', ''s.PROP'', ''a'')'	1	
'(''v'', ''apro'', ''a'', ''conj'')'	1	
'(''advpro'', ''s'', ''conj'', ''s'')'	1	
'(''s.PROP'', ''s'', ''spro'', ''conj'')'	1	
'(''s'', ''pr'', ''v'', ''a'')'	1	
'(''a'', ''advpro'', ''s'', ''conj'')'	1	
'(''s'', ''v'', ''apro'', ''pr'')'	1	
'(''part'', ''spro'', ''s'', ''adv'')'	1	
'(''s'', ''pr'', ''a'', ''spro'')'	1	
'(''advpro'', ''v'', ''a'', ''s'')'	1	
'(''a'', ''s'', ''conj'', ''advpro'')'	1	
'(''part'', ''s'', ''apro'', ''conj'')'	1	
'(''a'', ''v'', ''pr'', ''spro'')'	1	
'(''pr'', ''a'', ''v'', ''s'')'	1	
'(''spro'', ''pr'', ''v'', ''s'')'	1	
'(''num'', ''a'', ''pr'', ''s'')'	1	
'(''adv'', ''a'', ''pr'', ''a'')'	1	
'(''s'', ''adv'', ''s'', ''v'')'	1	
'(''a'', ''s'', ''conj'', ''part'')'	1	
'(''s'', ''spro'', ''part'', ''a'')'	1	
'(''adv'', ''s'', ''part'', ''v'')'	1	
'(''spro'', ''v'', ''v'', ''pr'')'	1	
'(''a'', ''a'', ''s'', ''spro'')'	1	
'(''spro'', ''spro'', ''adv'', ''v'')'	1	
'(''s'', ''s.PROP'', ''conj'', ''v'')'	1	
'(''part'', ''s'', ''s'', ''pr'')'	1	
'(''num'', ''pr'', ''num'', ''adv'')'	1	
'(''part'', ''pr'', ''s'', ''conj'')'	1	
'(''v'', ''s'', ''part'', ''pr'')'	1	
'(''apro'', ''part'', ''apro'', ''advpro'')'	1	
'(''apro'', ''part'', ''s'', ''conj'')'	1	
'(''spro'', ''a'', ''s'', ''a'')'	1	
'(''s'', ''s.PROP'', ''part'', ''s.PROP'')'	1	
'(''s.PROP'', ''s'', ''s.PROP'', ''conj'')'	1	
'(''conj'', ''adv'', ''part'', ''s'')'	1	
'(''s'', ''s'', ''s'', ''num'')'	1	
'(''part'', ''adv'', ''adv'', ''s'')'	1	
'(''advpro'', ''spro'', ''a'', ''conj'')'	1	
'(''advpro'', ''spro'', ''pr'', ''s'')'	1	
'(''part'', ''s'', ''v'', ''v'')'	1	
'(''conj'', ''v'', ''apro'', ''a'')'	1	
'(''part'', ''v'', ''s'', ''adv'')'	1	
'(''s'', ''v'', ''apro'', ''v'')'	1	
'(''advpro'', ''spro'', ''part'', ''adv'')'	1	
'(''v'', ''v'', ''a'', ''s'')'	1	
'(''s'', ''part'', ''spro'', ''s'')'	1	
'(''s'', ''s.PROP'', ''a'', ''s'')'	1	
'(''s'', ''pr'', ''spro'', ''adv'')'	1	
'(''anum'', ''s'', ''s'', ''s'')'	1	
'(''s'', ''num'', ''spro'', ''adv'')'	1	
'(''conj'', ''s'', ''pr'', ''apro'')'	1	
'(''v'', ''s'', ''advpro'', ''adv'')'	1	
'(''s'', ''s'', ''adv'', ''conj'')'	1	
'(''v'', ''advpro'', ''pr'', ''s'')'	1	
'(''spro'', ''part'', ''v'', ''spro'')'	1	
'(''v'', ''v'', ''apro'', ''s'')'	1	
'(''s'', ''s'', ''part'', ''a'')'	1	
'(''conj'', ''spro'', ''adv'', ''part'')'	1	
'(''a'', ''s'', ''adv'', ''s'')'	1	
'(''adv'', ''v'', ''adv'', ''a'')'	1	
'(''v'', ''spro'', ''advpro'', ''spro'')'	1	
'(''adv'', ''advpro'', ''spro'', ''a'')'	1	
'(''v'', ''apro'', ''v'', ''a'')'	1	
'(''advpro'', ''spro'', ''s'', ''v'')'	1	
'(''adv'', ''conj'', ''a'', ''s'')'	1	
'(''a'', ''conj'', ''part'', ''part'')'	1	
'(''adv'', ''pr'', ''s'', ''s'')'	1	
'(''part'', ''num'', ''v'', ''part'')'	1	
'(''s'', ''part'', ''v'', ''part'')'	1	
'(''spro'', ''s'', ''adv'', ''a'')'	1	
'(''s'', ''advpro'', ''s'', ''a'')'	1	
'(''advpro'', ''s'', ''v'', ''s'')'	1	
'(''apro'', ''pr'', ''apro'', ''s'')'	1	
'(''s'', ''apro'', ''adv'', ''a'')'	1	
'(''s'', ''part'', ''v'', ''v'')'	1	
'(''v'', ''adv'', ''v'', ''advpro'')'	1	
'(''a'', ''pr'', ''apro'', ''v'')'	1	
'(''adv'', ''v'', ''num'', ''a'')'	1	
'(''a'', ''conj'', ''s'', ''s'')'	1	
'(''apro'', ''v'', ''pr'', ''spro'')'	1	
'(''conj'', ''adv'', ''v'', ''part'')'	1	
'(''adv'', ''pr'', ''apro'', ''a'')'	1	
'(''conj'', ''s'', ''part'', ''v'')'	1	
'(''spro'', ''pr'', ''s'', ''spro'')'	1	
'(''spro'', ''spro'', ''a'', ''s'')'	1	
'(''s.PROP'', ''s'', ''s'', ''adv'')'	1	
'(''conj'', ''v'', ''v'', ''spro'')'	1	
'(''s'', ''intj'', ''part'', ''v'')'	1	
'(''s'', ''v'', ''apro'', ''s'')'	1	
'(''spro'', ''pr'', ''s'', ''conj'')'	1	
'(''a'', ''conj'', ''s'', ''pr'')'	1	
'(''part'', ''apro'', ''part'', ''apro'')'	1	
'(''s'', ''s.PROP'', ''s.PROP'', ''s'')'	1	
'(''s'', ''conj'', ''v'', ''apro'')'	1	
'(''a'', ''v'', ''conj'', ''adv'')'	1	
'(''s'', ''spro'', ''advpro'', ''v'')'	1	
'(''pr'', ''s'', ''v'', ''spro'')'	1	
'(''conj'', ''spro'', ''part'', ''num'')'	1	
'(''adv'', ''part'', ''s'', ''v'')'	1	
'(''s'', ''v'', ''advpro'', ''conj'')'	1	
'(''part'', ''s'', ''s.PROP'', ''part'')'	1	
'(''v'', ''v'', ''s'', ''part'')'	1	
'(''adv'', ''a'', ''s'', ''v'')'	1	
'(''s'', ''v'', ''adv'', ''s'')'	1	
'(''a'', ''s'', ''apro'', ''part'')'	1	
'(''s'', ''adv'', ''part'', ''conj'')'	1	
'(''s'', ''v'', ''s'', ''intj'')'	1	
'(''part'', ''adv'', ''conj'', ''adv'')'	1	
'(''adv'', ''part'', ''num'', ''v'')'	1	
'(''a'', ''s'', ''a'', ''ss'')'	1	
'(''pr'', ''spro'', ''s'', ''advpro'')'	1	
'(''apro'', ''adv'', ''spro'', ''conj'')'	1	
'(''pr'', ''spro'', ''adv'', ''spro'')'	1	
'(''s.PROP'', ''s.PROP'', ''v'', ''pr'')'	1	
'(''adv'', ''spro'', ''part'', ''v'')'	1	
'(''v'', ''spro'', ''adv'', ''pr'')'	1	
'(''part'', ''v'', ''pr'', ''spro'')'	1	
'(''a'', ''s'', ''s.PROP'', ''conj'')'	1	
'(''conj'', ''v'', ''num'', ''s'')'	1	
'(''spro'', ''adv'', ''pr'', ''s'')'	1	
'(''part'', ''num'', ''conj'', ''v'')'	1	
'(''v'', ''conj'', ''part'', ''a'')'	1	
'(''pr'', ''num'', ''pr'', ''num'')'	1	
'(''adv'', ''spro'', ''advpro'', ''spro'')'	1	
'(''part'', ''conj'', ''pr'', ''apro'')'	1	
'(''s.PROP'', ''s.PROP'', ''v'', ''spro'')'	1	
'(''s'', ''s'', ''pr'', ''v'')'	1	
'(''v'', ''conj'', ''spro'', ''part'')'	1	
'(''s'', ''apro'', ''s'', ''a'')'	1	
'(''s'', ''pr'', ''s.PROP'', ''s.PROP'')'	1	
'(''s'', ''spro'', ''s'', ''s'')'	1	
'(''a'', ''s'', ''part'', ''spro'')'	1	
'(''s'', ''v'', ''advpro'', ''a'')'	1	
'(''conj'', ''apro'', ''a'', ''conj'')'	1	
'(''v'', ''pr'', ''spro'', ''v'')'	1	
'(''adv'', ''part'', ''adv'', ''v'')'	1	
'(''v'', ''pr'', ''anum'', ''s'')'	1	
'(''part'', ''v'', ''s'', ''pr'')'	1	
'(''s.PROP'', ''s.PROP'', ''conj'', ''a'')'	1	
'(''a'', ''s'', ''adv'', ''part'')'	1	
'(''pr'', ''apro'', ''part'', ''s'')'	1	
'(''conj'', ''conj'', ''s'', ''part'')'	1	
'(''adv'', ''part'', ''conj'', ''spro'')'	1	
'(''apro'', ''s'', ''conj'', ''v'')'	1	
'(''v'', ''pr'', ''num'', ''pr'')'	1	
'(''spro'', ''conj'', ''s'', ''part'')'	1	
'(''s'', ''pr'', ''a'', ''v'')'	1	
'(''adv'', ''adv'', ''adv'', ''advpro'')'	1	
'(''part'', ''conj'', ''s'', ''v'')'	1	
'(''adv'', ''a'', ''conj'', ''a'')'	1	
'(''advpro'', ''v'', ''conj'', ''v'')'	1	
'(''s'', ''spro'', ''spro'', ''a'')'	1	
'(''a'', ''s'', ''advpro'', ''pr'')'	1	
'(''adv'', ''v'', ''conj'', ''apro'')'	1	
'(''v'', ''part'', ''s'', ''conj'')'	1	
'(''adv'', ''a'', ''v'', ''conj'')'	1	
'(''part'', ''pr'', ''s'', ''a'')'	1	
'(''conj'', ''s'', ''s'', ''spro'')'	1	
'(''part'', ''a'', ''s'', ''s'')'	1	
'(''spro'', ''pr'', ''a'', ''pr'')'	1	
'(''part'', ''s'', ''a'', ''s'')'	1	
'(''s.PROP'', ''a'', ''s'', ''pr'')'	1	
'(''s'', ''pr'', ''a'', ''part'')'	1	
'(''s'', ''num'', ''s'', ''v'')'	1	
'(''s'', ''v'', ''adv'', ''adv'')'	1	
'(''v'', ''part'', ''conj'', ''part'')'	1	
'(''s'', ''a'', ''pr'', ''a'')'	1	
'(''apro'', ''adv'', ''a'', ''s'')'	1	
'(''s'', ''spro'', ''part'', ''s'')'	1	
'(''adv'', ''part'', ''v'', ''pr'')'	1	
'(''s'', ''conj'', ''apro'', ''s'')'	1	
'(''pr'', ''apro'', ''a'', ''conj'')'	1	
'(''part'', ''v'', ''a'', ''pr'')'	1	
'(''pr'', ''spro'', ''v'', ''advpro'')'	1	
'(''spro'', ''v'', ''advpro'', ''v'')'	1	
'(''conj'', ''adv'', ''spro'', ''spro'')'	1	
'(''conj'', ''spro'', ''pr'', ''a'')'	1	
'(''v'', ''s'', ''conj'', ''adv'')'	1	
'(''conj'', ''part'', ''pr'', ''s'')'	1	
'(''s'', ''s'', ''advpro'', ''pr'')'	1	
'(''v'', ''part'', ''conj'', ''s'')'	1	
'(''s'', ''v'', ''spro'', ''s'')'	1	
'(''s'', ''v'', ''part'', ''a'')'	1	
'(''conj'', ''v'', ''pr'', ''apro'')'	1	
'(''conj'', ''s'', ''advpro'', ''s'')'	1	
'(''s'', ''v'', ''spro'', ''conj'')'	1	
'(''advpro'', ''v'', ''s'', ''v'')'	1	
'(''conj'', ''advpro'', ''spro'', ''v'')'	1	
'(''conj'', ''part'', ''v'', ''part'')'	1	
'(''v'', ''pr'', ''a'', ''part'')'	1	
'(''s'', ''a'', ''s'', ''part'')'	1	
'(''v'', ''pr'', ''a'', ''conj'')'	1	
'(''v'', ''v'', ''pr'', ''num'')'	1	
'(''conj'', ''adv'', ''pr'', ''s'')'	1	
'(''part'', ''s'', ''v'', ''a'')'	1	
'(''v'', ''adv'', ''conj'', ''s'')'	1	
'(''part'', ''v'', ''conj'', ''v'')'	1	
'(''apro'', ''v'', ''v'', ''s'')'	1	
'(''spro'', ''advpro'', ''v'', ''s'')'	1	
'(''s'', ''apro'', ''s'', ''adv'')'	1	
'(''s'', ''conj'', ''s'', ''advpro'')'	1	
'(''v'', ''part'', ''v'', ''s'')'	1	
'(''s.PROP'', ''conj'', ''v'', ''part'')'	1	
'(''adv'', ''v'', ''pr'', ''apro'')'	1	
'(''v'', ''pr'', ''spro'', ''advpro'')'	1	
'(''s'', ''apro'', ''a'', ''a'')'	1	
'(''num'', ''s'', ''v'', ''adv'')'	1	
'(''pr'', ''v'', ''s'', ''spro'')'	1	
'(''spro'', ''v'', ''advpro'', ''spro'')'	1	
'(''s'', ''anum'', ''s'', ''s'')'	1	
'(''apro'', ''s'', ''conj'', ''a'')'	1	
'(''pr'', ''s.PROP'', ''s.PROp'', ''conj'')'	1	
'(''apro'', ''adv'', ''a'', ''conj'')'	1	
'(''spro'', ''s'', ''s'', ''adv'')'	1	
'(''conj'', ''v'', ''s'', ''spro'')'	1	
'(''v'', ''part'', ''v'', ''adv'')'	1	
'(''v'', ''part'', ''s'', ''pr'')'	1	
'(''conj'', ''part'', ''s'', ''v'')'	1	
'(''conj'', ''apro'', ''a'', ''a'')'	1	
'(''pr'', ''s'', ''v'', ''s.PROp'')'	1	
'(''a'', ''part'', ''s'', ''s'')'	1	
'(''s'', ''apro'', ''adv'', ''spro'')'	1	
'(''conj'', ''adv'', ''s'', ''s'')'	1	
'(''pr'', ''s'', ''v'', ''apro'')'	1	
'(''spro'', ''part'', ''v'', ''conj'')'	1	
'(''s'', ''adv'', ''pr'', ''apro'')'	1	
'(''v'', ''spro'', ''spro'', ''conj'')'	1	
'(''s'', ''pr'', ''num'', ''s'')'	1	
'(''a'', ''conj'', ''v'', ''pr'')'	1	
'(''part'', ''v'', ''pr'', ''s.PROP'')'	1	
'(''adv'', ''s'', ''conj'', ''v'')'	1	
'(''pr'', ''s'', ''spro'', ''spro'')'	1	
'(''v'', ''part'', ''conj'', ''advpro'')'	1	
'(''adv'', ''v'', ''v'', ''spro'')'	1	
'(''conj'', ''s'', ''s'', ''a'')'	1	
'(''pr'', ''s'', ''part'', ''adv'')'	1	
'(''s'', ''v'', ''conj'', ''advpro'')'	1	
'(''s'', ''adv'', ''s'', ''conj'')'	1	
'(''pr'', ''s.PROP'', ''s'', ''pr'')'	1	
'(''adv'', ''v'', ''a'', ''conj'')'	1	
'(''s'', ''v'', ''part'', ''v'')'	1	
'(''adv'', ''s'', ''pr'', ''spro'')'	1	
'(''s'', ''part'', ''adv'', ''a'')'	1	
'(''a'', ''a'', ''v'', ''a'')'	1	
'(''a'', ''adv'', ''v'', ''pr'')'	1	
'(''v'', ''v'', ''conj'', ''part'')'	1	
'(''apro'', ''a'', ''pr'', ''a'')'	1	
'(''pr'', ''adv'', ''s'', ''s'')'	1	
'(''conj'', ''spro'', ''spro'', ''v'')'	1	
'(''part'', ''adv'', ''part'', ''v'')'	1	
'(''s'', ''s'', ''a'', ''pr'')'	1	
'(''conj'', ''adv'', ''s'', ''a'')'	1	
'(''anum'', ''a'', ''s'', ''v'')'	1	
'(''v'', ''spro'', ''pr'', ''a'')'	1	
'(''s'', ''pr'', ''s.PROP'', ''v'')'	1	
'(''part'', ''pr'', ''apro'', ''a'')'	1	
'(''spro'', ''spro'', ''v'', ''spro'')'	1	
'(''pr'', ''v'', ''a'', ''s'')'	1	
'(''s'', ''advpro'', ''v'', ''spro'')'	1	
'(''conj'', ''anum'', ''s'', ''s'')'	1	
'(''v'', ''adv'', ''a'', ''s'')'	1	
'(''s'', ''s'', ''num'', ''s'')'	1	
'(''apro'', ''s'', ''a'', ''s'')'	1	
'(''conj'', ''s'', ''v'', ''part'')'	1	
'(''pr'', ''spro'', ''part'', ''part'')'	1	
'(''s'', ''s.PROP'', ''conj'', ''adv'')'	1	
'(''advpro'', ''v'', ''spro'', ''pr'')'	1	
'(''part'', ''pr'', ''spro'', ''s'')'	1	
'(''s'', ''v'', ''v'', ''pr'')'	1	
'(''v'', ''conj'', ''v'', ''adv'')'	1	
'(''part'', ''spro'', ''v'', ''spro'')'	1	
'(''intj'', ''part'', ''v'', ''s'')'	1	
'(''s'', ''pr'', ''spro'', ''spro'')'	1	
'(''s'', ''s'', ''part'', ''conj'')'	1	
'(''s'', ''v'', ''part'', ''conj'')'	1	
'(''a'', ''adv'', ''pr'', ''apro'')'	1	
'(''v'', ''conj'', ''adv'', ''s'')'	1	
'(''s'', ''a'', ''v'', ''part'')'	1	
'(''s'', ''a'', ''adv'', ''adv'')'	1	
'(''advpro'', ''spro'', ''v'', ''pr'')'	1	
'(''s.PROP'', ''pr'', ''s.PROP'', ''pr'')'	1	
'(''adv'', ''pr'', ''s'', ''conj'')'	1	
'(''part'', ''v'', ''adv'', ''pr'')'	1	
'(''s'', ''a'', ''s'', ''advpro'')'	1	
'(''s'', ''v'', ''s.PROP'', ''s.PROP'')'	1	
'(''advpro'', ''part'', ''v'', ''pr'')'	1	
'(''advpro'', ''adv'', ''v'', ''s'')'	1	
'(''conj'', ''s'', ''conj'', ''s'')'	1	
'(''v'', ''s'', ''part'', ''v'')'	1	
'(''s'', ''apro'', ''s.PROP'', ''v'')'	1	
'(''v'', ''conj'', ''apro'', ''s'')'	1	
'(''spro'', ''apro'', ''s'', ''v'')'	1	
'(''pr'', ''spro'', ''v'', ''adv'')'	1	
'(''pr'', ''s'', ''apro'', ''adv'')'	1	
'(''conj'', ''v'', ''spro'', ''s'')'	1	
'(''s'', ''v'', ''a'', ''adv'')'	1	
'(''conj'', ''s'', ''v'', ''apro'')'	1	
'(''s'', ''conj'', ''v'', ''num'')'	1	
'(''advpro'', ''pr'', ''a'', ''a'')'	1	
'(''part'', ''s.PROP'', ''conj'', ''s'')'	1	
'(''s'', ''s'', ''s.PROP'', ''a'')'	1	
'(''s'', ''conj'', ''a'', ''part'')'	1	
'(''s.PROP'', ''s'', ''v'', ''pr'')'	1	
'(''intj'', ''conj'', ''s'', ''part'')'	1	
'(''conj'', ''spro'', ''spro'', ''adv'')'	1	
'(''s'', ''pr'', ''s'', ''part'')'	1	
'(''s'', ''pr'', ''apro'', ''pr'')'	1	
'(''pr'', ''num'', ''s'', ''pr'')'	1	
'(''adv'', ''adv'', ''adv'', ''pr'')'	1	
'(''advpro'', ''adv'', ''apro'', ''a'')'	1	
'(''v'', ''pr'', ''spro'', ''part'')'	1	
'(''part'', ''part'', ''s'', ''s'')'	1	
'(''pr'', ''apro'', ''v'', ''a'')'	1	
'(''apro'', ''adv'', ''v'', ''s'')'	1	
'(''s'', ''conj'', ''v'', ''part'')'	1	
'(''part'', ''v'', ''s'', ''part'')'	1	
'(''a'', ''s'', ''adv'', ''conj'')'	1	
'(''spro'', ''v'', ''spro'', ''pr'')'	1	
'(''v'', ''s'', ''a'', ''v'')'	1	
'(''num'', ''s'', ''part'', ''spro'')'	1	
'(''s'', ''a'', ''v'', ''adv'')'	1	
'(''s'', ''s'', ''apro'', ''s.PROP'')'	1	
'(''v'', ''part'', ''apro'', ''conj'')'	1	
'(''s'', ''spro'', ''v'', ''v'')'	1	
'(''s'', ''pr'', ''num'', ''part'')'	1	
'(''apro'', ''part'', ''s'', ''v'')'	1	
'(''v'', ''part'', ''adv'', ''s'')'	1	
'(''s'', ''adv'', ''spro'', ''part'')'	1	
'(''apro'', ''conj'', ''part'', ''v'')'	1	
'(''spro'', ''v'', ''a'', ''conj'')'	1	
'(''adv'', ''conj'', ''adv'', ''part'')'	1	
'(''part'', ''s'', ''conj'', ''adv'')'	1	
'(''part'', ''v'', ''part'', ''v'')'	1	
'(''adv'', ''spro'', ''adv'', ''a'')'	1	
'(''a'', ''v'', ''conj'', ''spro'')'	1	
'(''s'', ''s'', ''s.PROP'', ''s'')'	1	
'(''s'', ''adv'', ''a'', ''a'')'	1	
'(''adv'', ''adv'', ''pr'', ''a'')'	1	
'(''spro'', ''part'', ''num'', ''v'')'	1	
'(''s'', ''part'', ''adv'', ''s'')'	1	
'(''s'', ''v'', ''s'', ''part'')'	1	
'(''apro'', ''s'', ''conj'', ''part'')'	1	
'(''apro'', ''s.PROP'', ''v'', ''pr'')'	1	
'(''spro'', ''s'', ''s'', ''anum'')'	1	
'(''conj'', ''s'', ''part'', ''pr'')'	1	
'(''adv'', ''a'', ''conj'', ''part'')'	1	
'(''conj'', ''a'', ''v'', ''pr'')'	1	
'(''spro'', ''conj'', ''adv'', ''v'')'	1	
'(''conj'', ''v'', ''v'', ''a'')'	1	
'(''s'', ''v'', ''spro'', ''spro'')'	1	
'(''a'', ''part'', ''adv'', ''conj'')'	1	
'(''spro'', ''part'', ''s'', ''adv'')'	1	
'(''v'', ''pr'', ''adv'', ''s'')'	1	
'(''s'', ''conj'', ''s'', ''apro'')'	1	
'(''s.PROP'', ''conj'', ''adv'', ''v'')'	1	
'(''s'', ''s'', ''adv'', ''part'')'	1	
'(''advpro'', ''spro'', ''v'', ''adv'')'	1	
'(''spro'', ''advpro'', ''spro'', ''part'')'	1	
'(''apro'', ''pr'', ''s'', ''apro'')'	1	
'(''pr'', ''s'', ''part'', ''pr'')'	1	
'(''conj'', ''pr'', ''a'', ''a'')'	1	
'(''s'', ''conj'', ''anum'', ''s'')'	1	
'(''a'', ''a'', ''a'', ''s'')'	1	
'(''part'', ''s'', ''adv'', ''s'')'	1	
'(''conj'', ''adv'', ''v'', ''v'')'	1	
'(''v'', ''advpro'', ''pr'', ''a'')'	1	
'(''v'', ''advpro'', ''spro'', ''pr'')'	1	
'(''v'', ''s'', ''v'', ''advpro'')'	1	
'(''adv'', ''spro'', ''spro'', ''v'')'	1	
'(''v'', ''part'', ''spro'', ''apro'')'	1	
'(''a'', ''s'', ''spro'', ''a'')'	1	
'(''s'', ''num'', ''a'', ''a'')'	1	
'(''adv'', ''conj'', ''s'', ''v'')'	1	
'(''v'', ''s'', ''adv'', ''adv'')'	1	
'(''v'', ''s'', ''s'', ''s.PROP'')'	1	
'(''s'', ''s'', ''conj'', ''adv'')'	1	
'(''apro'', ''s'', ''s'', ''apro'')'	1	
'(''s'', ''conj'', ''adv'', ''conj'')'	1	
'(''s'', ''s'', ''anum'', ''s'')'	1	
'(''s'', ''s'', ''s.PROP'', ''conj'')'	1	
'(''v'', ''pr'', ''v'', ''pr'')'	1	
'(''a'', ''pr'', ''s'', ''conj'')'	1	
'(''s'', ''v'', ''apro'', ''a'')'	1	
'(''v'', ''adv'', ''a'', ''adv'')'	1	
'(''v'', ''spro'', ''a'', ''s'')'	1	
'(''apro'', ''pr'', ''s'', ''v'')'	1	
'(''s'', ''apro'', ''adv'', ''v'')'	1	
'(''a'', ''s'', ''v'', ''v'')'	1	
'(''part'', ''v'', ''s'', ''conj'')'	1	
'(''part'', ''s'', ''s.PROP'', ''s.PROP'')'	1	
'(''s'', ''part'', ''conj'', ''pr'')'	1	
'(''apro'', ''s'', ''part'', ''conj'')'	1	
'(''advpro'', ''s'', ''a'', ''conj'')'	1	
'(''s.PROP'', ''s.PROP'', ''v'', ''s.PROP'')'	1	
'(''a'', ''pr'', ''a'', ''s'')'	1	
'(''apro'', ''s'', ''part'', ''s'')'	1	
'(''num'', ''adv'', ''s'', ''pr'')'	1	
'(''v'', ''s'', ''a'', ''a'')'	1	
'(''spro'', ''s'', ''advpro'', ''pr'')'	1	
'(''v'', ''a'', ''v'', ''conj'')'	1	
'(''a'', ''s'', ''pr'', ''s.PROP'')'	1	
'(''s'', ''spro'', ''v'', ''spro'')'	1	
'(''pr'', ''v'', ''pr'', ''s'')'	1	
'(''spro'', ''v'', ''s'', ''adv'')'	1	
'(''advpro'', ''pr'', ''s'', ''s'')'	1	
'(''s'', ''a'', ''pr'', ''s'')'	1	
'(''s'', ''a'', ''conj'', ''adv'')'	1	
'(''v'', ''advpro'', ''conj'', ''apro'')'	1	
'(''spro'', ''a'', ''conj'', ''adv'')'	1	
'(''s.PROP'', ''a'', ''adv'', ''pr'')'	1	
'(''s'', ''part'', ''apro'', ''a'')'	1	
'(''conj'', ''part'', ''a'', ''s'')'	1	
'(''spro'', ''part'', ''s'', ''a'')'	1	
'(''part'', ''s'', ''a'', ''conj'')'	1	
'(''s'', ''v'', ''pr'', ''num'')'	1	
'(''s'', ''part'', ''pr'', ''spro'')'	1	
'(''adv'', ''pr'', ''s'', ''apro'')'	1	
'(''s'', ''part'', ''v'', ''pr'')'	1	
'(''s'', ''conj'', ''anum'', ''a'')'	1	
'(''adv'', ''spro'', ''v'', ''pr'')'	1	
'(''adv'', ''conj'', ''v'', ''s'')'	1	
'(''v'', ''adv'', ''s'', ''pr'')'	1	
'(''conj'', ''s.PROP'', ''s'', ''part'')'	1	
'(''a'', ''adv'', ''part'', ''apro'')'	1	
'(''part'', ''a'', ''s'', ''pr'')'	1	
'(''a'', ''conj'', ''a'', ''advpro'')'	1	
'(''v'', ''s'', ''spro'', ''part'')'	1	
'(''v'', ''s'', ''num'', ''s'')'	1	
'(''conj'', ''a'', ''part'', ''a'')'	1	
'(''part'', ''pr'', ''s'', ''num'')'	1	
'(''s.PROP'', ''v'', ''s.PROP'', ''s.PROP'')'	1	
'(''adv'', ''v'', ''pr'', ''spro'')'	1	
'(''adv'', ''adv'', ''v'', ''a'')'	1	
'(''spro'', ''pr'', ''apro'', ''adv'')'	1	
'(''part'', ''conj'', ''spro'', ''pr'')'	1	
'(''advpro'', ''s'', ''part'', ''a'')'	1	
'(''adv'', ''v'', ''s'', ''apro'')'	1	
'(''pr'', ''s'', ''adv'', ''spro'')'	1	
'(''s'', ''a'', ''adv'', ''pr'')'	1	
'(''s'', ''s'', ''part'', ''adv'')'	1	
'(''apro'', ''v'', ''a'', ''conj'')'	1	
'(''pr'', ''s'', ''s.PROP'', ''conj'')'	1	
'(''s'', ''apro'', ''part'', ''s'')'	1	
'(''v'', ''part'', ''a'', ''s'')'	1	
'(''spro'', ''v'', ''adv'', ''a'')'	1	
'(''s'', ''num'', ''adv'', ''s'')'	1	
'(''s'', ''apro'', ''v'', ''v'')'	1	
'(''a'', ''s'', ''part'', ''conj'')'	1	
'(''adv'', ''adv'', ''v'', ''num'')'	1	
'(''adv'', ''s'', ''v'', ''s'')'	1	
'(''spro'', ''pr'', ''spro'', ''a'')'	1	
'(''s'', ''adv'', ''conj'', ''advpro'')'	1	
'(''num'', ''a'', ''a'', ''s'')'	1	
'(''v'', ''adv'', ''adv'', ''pr'')'	1	
'(''conj'', ''s'', ''v'', ''v'')'	1	
'(''pr'', ''anum'', ''s'', ''advpro'')'	1	
'(''s.PROP'', ''conj'', ''s.PROP'', ''s'')'	1	
'(''apro'', ''conj'', ''conj'', ''s'')'	1	
'(''s'', ''v'', ''advpro'', ''pr'')'	1	
'(''v'', ''s'', ''v'', ''v'')'	1	
'(''a'', ''s'', ''s'', ''part'')'	1	
'(''adv'', ''s'', ''a'', ''conj'')'	1	
'(''s'', ''v'', ''conj'', ''part'')'	1	
'(''adv'', ''s'', ''s'', ''spro'')'	1	
'(''part'', ''s'', ''s'', ''adv'')'	1	
'(''adv'', ''spro'', ''conj'', ''adv'')'	1	
'(''part'', ''adv'', ''part'', ''pr'')'	1	
'(''s'', ''advpro'', ''s'', ''pr'')'	1	
'(''conj'', ''apro'', ''s'', ''pr'')'	1	
'(''spro'', ''part'', ''s'', ''s'')'	1	
'(''pr'', ''a'', ''part'', ''adv'')'	1	
'(''v'', ''s'', ''conj'', ''part'')'	1	
'(''s'', ''spro'', ''part'', ''part'')'	1	
'(''v'', ''spro'', ''s'', ''s'')'	1	
'(''pr'', ''s'', ''num'', ''adv'')'	1	
'(''pr'', ''s'', ''part'', ''s'')'	1	
'(''spro'', ''part'', ''a'', ''s'')'	1	
'(''spro'', ''conj'', ''pr'', ''s'')'	1	
'(''s'', ''part'', ''part'', ''s'')'	1	
'(''a'', ''conj'', ''v'', ''v'')'	1	
'(''spro'', ''adv'', ''spro'', ''v'')'	1	
'(''a'', ''spro'', ''part'', ''v'')'	1	
'(''pr'', ''s'', ''a'', ''pr'')'	1	
'(''spro'', ''pr'', ''apro'', ''s'')'	1	
'(''s'', ''v'', ''spro'', ''a'')'	1	
'(''adv'', ''adv'', ''s'', ''part'')'	1	
'(''apro'', ''s'', ''adv'', ''conj'')'	1	
'(''a'', ''pr'', ''s.PROP'', ''s'')'	1	
'(''pr'', ''s'', ''pr'', ''num'')'	1	
'(''s'', ''conj'', ''adv'', ''pr'')'	1	
'(''pr'', ''apro'', ''adv'', ''a'')'	1	
'(''conj'', ''s'', ''s'', ''part'')'	1	
'(''s.PROP'', ''s'', ''part'', ''s'')'	1	
'(''s'', ''s'', ''advpro'', ''s'')'	1	
'(''conj'', ''adv'', ''a'', ''s'')'	1	
'(''s'', ''part'', ''num'', ''conj'')'	1	
'(''part'', ''pr'', ''apro'', ''s'')'	1	
'(''apro'', ''v'', ''s'', ''num'')'	1	
'(''num'', ''spro'', ''adv'', ''s'')'	1	
'(''part'', ''v'', ''pr'', ''apro'')'	1	
'(''s'', ''apro'', ''s'', ''spro'')'	1	
'(''pr'', ''s'', ''s'', ''s.PROP'')'	1	
'(''adv'', ''v'', ''conj'', ''spro'')'	1	
'(''s'', ''s'', ''advpro'', ''part'')'	1	
'(''s.PROP'', ''a'', ''s'', ''spro'')'	1	
'(''adv'', ''v'', ''spro'', ''advpro'')'	1	
'(''adv'', ''pr'', ''s'', ''pr'')'	1	
'(''v'', ''part'', ''v'', ''part'')'	1	
'(''spro'', ''adv'', ''s'', ''apro'')'	1	
'(''spro'', ''pr'', ''a'', ''a'')'	1	
'(''part'', ''pr'', ''a'', ''s'')'	1	
'(''s'', ''adv'', ''pr'', ''s'')'	1	
'(''v'', ''s'', ''v'', ''conj'')'	1	
'(''spro'', ''pr'', ''s'', ''a'')'	1	
'(''anum'', ''s'', ''advpro'', ''spro'')'	1	
'(''a'', ''v'', ''adv'', ''adv'')'	1	
'(''v'', ''a'', ''adv'', ''v'')'	1	
'(''conj'', ''a'', ''a'', ''a'')'	1	
'(''apro'', ''a'', ''conj'', ''adv'')'	1	
'(''part'', ''adv'', ''s'', ''pr'')'	1	
'(''s'', ''adv'', ''adv'', ''conj'')'	1	
'(''pr'', ''s'', ''pr'', ''apro'')'	1	
'(''adv'', ''conj'', ''pr'', ''a'')'	1	
'(''v'', ''conj'', ''v'', ''part'')'	1	
'(''spro'', ''v'', ''spro'', ''adv'')'	1	
'(''v'', ''spro'', ''pr'', ''v'')'	1	
'(''v'', ''adv'', ''a'', ''a'')'	1	
'(''v'', ''part'', ''adv'', ''pr'')'	1	
'(''apro'', ''s'', ''apro'', ''s'')'	1	
'(''v'', ''num'', ''s'', ''part'')'	1	
'(''adv'', ''adv'', ''v'', ''v'')'	1	
'(''conj'', ''v'', ''spro'', ''pr'')'	1	
'(''part'', ''conj'', ''s'', ''apro'')'	1	
'(''s.PROP'', ''part'', ''s.PROP'', ''conj'')'	1	
'(''s.PROP'', ''conj'', ''s'', ''pr'')'	1	
'(''s'', ''apro'', ''conj'', ''part'')'	1	
'(''v'', ''s'', ''num'', ''a'')'	1	
'(''advpro'', ''v'', ''s'', ''part'')'	1	
'(''num'', ''s'', ''pr'', ''a'')'	1	
'(''s'', ''adv'', ''conj'', ''s'')'	1	
'(''advpro'', ''v'', ''pr'', ''s'')'	1	
'(''s.PROP'', ''s.PROP'', ''s'', ''s.PROP'')'	1	
'(''v'', ''adv'', ''s'', ''s'')'	1	
'(''a'', ''s'', ''spro'', ''pr'')'	1	
'(''advpro'', ''pr'', ''s'', ''pr'')'	1	
'(''spro'', ''adv'', ''part'', ''num'')'	1	
'(''s'', ''num'', ''s'', ''s'')'	1	
'(''v'', ''spro'', ''s'', ''pr'')'	1	
'(''s'', ''conj'', ''pr'', ''spro'')'	1	
'(''v'', ''s'', ''part'', ''apro'')'	1	
'(''pr'', ''s'', ''s'', ''apro'')'	1	
'(''anum'', ''s'', ''s'', ''v'')'	1	
'(''s'', ''advpro'', ''v'', ''conj'')'	1	
'(''apro'', ''v'', ''a'', ''a'')'	1	
'(''pr'', ''a'', ''s'', ''advpro'')'	1	
'(''s'', ''part'', ''pr'', ''apro'')'	1	
'(''conj'', ''v'', ''part'', ''v'')'	1	
'(''s'', ''s'', ''advpro'', ''adv'')'	1	
'(''pr'', ''a'', ''spro'', ''part'')'	1	
'(''s.PROP'', ''v'', ''s'', ''a'')'	1	
'(''spro'', ''spro'', ''conj'', ''s'')'	1	
'(''adv'', ''apro'', ''a'', ''s'')'	1	
'(''conj'', ''advpro'', ''v'', ''a'')'	1	
'(''v'', ''part'', ''s'', ''s'')'	1	
'(''pr'', ''spro'', ''advpro'', ''v'')'	1	
'(''s'', ''pr'', ''s.PROP'', ''pr'')'	1	
'(''s'', ''v'', ''spro'', ''adv'')'	1	
'(''conj'', ''apro'', ''s'', ''s'')'	1	
'(''part'', ''apro'', ''a'', ''s'')'	1	
'(''num'', ''conj'', ''v'', ''adv'')'	1	
'(''v'', ''adv'', ''a'', ''v'')'	1	
'(''s.PROP'', ''pr'', ''s.PROP'', ''s'')'	1	
'(''v'', ''v'', ''a'', ''conj'')'	1	
'(''s'', ''part'', ''v'', ''spro'')'	1	
'(''adv'', ''pr'', ''apro'', ''part'')'	1	
'(''apro'', ''s'', ''v'', ''advpro'')'	1	
'(''spro'', ''adv'', ''a'', ''pr'')'	1	
'(''spro'', ''v'', ''s'', ''v'')'	1	
'(''a'', ''v'', ''part'', ''s'')'	1	
'(''s'', ''v'', ''pr'', ''v'')'	1	
'(''pr'', ''s'', ''apro'', ''a'')'	1	
'(''advpro'', ''v'', ''s'', ''s'')'	1	
'(''v'', ''conj'', ''s'', ''conj'')'	1	
'(''s'', ''adv'', ''part'', ''adv'')'	1	
'(''spro'', ''v'', ''adv'', ''conj'')'	1	
'(''s.PROP'', ''conj'', ''a'', ''a'')'	1	
'(''v'', ''advpro'', ''s'', ''v'')'	1	
'(''v'', ''apro'', ''a'', ''pr'')'	1	
'(''part'', ''num'', ''v'', ''spro'')'	1	
'(''part'', ''adv'', ''pr'', ''a'')'	1	
'(''conj'', ''v'', ''part'', ''pr'')'	1	
'(''pr'', ''apro'', ''pr'', ''apro'')'	1	
'(''conj'', ''a'', ''s'', ''adv'')'	1	
'(''conj'', ''adv'', ''v'', ''conj'')'	1	
'(''s'', ''a'', ''v'', ''pr'')'	1	
'(''s'', ''s.PROP'', ''conj'', ''s.PROP'')'	1	
'(''s'', ''part'', ''adv'', ''part'')'	1	
'(''pr'', ''spro'', ''pr'', ''a'')'	1	
'(''v'', ''s'', ''s'', ''advpro'')'	1	
'(''s'', ''intj'', ''conj'', ''s'')'	1	
'(''s'', ''conj'', ''a'', ''v'')'	1	
'(''conj'', ''adv'', ''s'', ''v'')'	1	
'(''adv'', ''s'', ''adv'', ''conj'')'	1	
'(''pr'', ''spro'', ''spro'', ''v'')'	1	
'(''part'', ''v'', ''conj'', ''part'')'	1	
'(''a'', ''v'', ''pr'', ''s'')'	1	
'(''conj'', ''a'', ''advpro'', ''s'')'	1	
'(''s'', ''s'', ''pr'', ''num'')'	1	
'(''s'', ''s.PROP'', ''s.PROP'', ''a'')'	1	
'(''a'', ''s'', ''s'', ''advpro'')'	1	
'(''v'', ''s'', ''conj'', ''anum'')'	1	
'(''pr'', ''spro'', ''s'', ''conj'')'	1	
'(''s'', ''apro'', ''s'', ''advpro'')'	1	
'(''s'', ''adv'', ''s'', ''s'')'	1	
'(''s'', ''v'', ''part'', ''apro'')'	1	
'(''num'', ''part'', ''adv'', ''v'')'	1	
'(''conj'', ''pr'', ''spro'', ''v'')'	1	
'(''v'', ''conj'', ''spro'', ''adv'')'	1	
'(''s'', ''s'', ''adv'', ''adv'')'	1	
'(''s'', ''adv'', ''conj'', ''pr'')'	1	
'(''v'', ''num'', ''a'', ''pr'')'	1	
'(''v'', ''adv'', ''spro'', ''adv'')'	1	
'(''adv'', ''a'', ''s'', ''s'')'	1	
'(''s'', ''v'', ''v'', ''spro'')'	1	
'(''conj'', ''v'', ''v'', ''apro'')'	1	
'(''s'', ''s'', ''advpro'', ''a'')'	1	
'(''v'', ''s'', ''spro'', ''pr'')'	1	
'(''pr'', ''a'', ''part'', ''s'')'	1	
'(''conj'', ''apro'', ''s'', ''spro'')'	1	
'(''a'', ''v'', ''s'', ''pr'')'	1	
'(''num'', ''v'', ''spro'', ''pr'')'	1	
'(''adv'', ''v'', ''part'', ''conj'')'	1	
'(''spro'', ''pr'', ''apro'', ''a'')'	1	
'(''v'', ''a'', ''s'', ''adv'')'	1	
'(''v'', ''conj'', ''part'', ''s'')'	1	
'(''a'', ''pr'', ''s'', ''vv'')'	1	
'(''s'', ''v'', ''part'', ''s'')'	1	
'(''v'', ''s'', ''part'', ''conj'')'	1	
'(''apro'', ''advpro'', ''v'', ''pr'')'	1	
'(''apro'', ''s'', ''spro'', ''v'')'	1	
'(''advpro'', ''adv'', ''pr'', ''s'')'	1	
'(''spro'', ''advpro'', ''spro'', ''s'')'	1	
'(''apro'', ''a'', ''adv'', ''pr'')'	1	
'(''conj'', ''s'', ''a'', ''conj'')'	1	
'(''v'', ''pr'', ''num'', ''s'')'	1	
'(''a'', ''conj'', ''s'', ''v'')'	1	
'(''conj'', ''s.PROP'', ''a'', ''adv'')'	1	
'(''s.PROp'', ''v'', ''s'', ''adv'')'	1	
'(''s'', ''spro'', ''conj'', ''v'')'	1	
'(''conj'', ''v'', ''s'', ''a'')'	1	
'(''advpro'', ''part'', ''s'', ''a'')'	1	
'(''s'', ''adv'', ''v'', ''v'')'	1	
'(''s'', ''part'', ''spro'', ''v'')'	1	
'(''v'', ''apro'', ''s'', ''s'')'	1	
'(''adv'', ''adv'', ''pr'', ''s'')'	1	
'(''s'', ''part'', ''conj'', ''s'')'	1	
'(''a'', ''s'', ''part'', ''part'')'	1	
'(''num'', ''adv'', ''v'', ''a'')'	1	
'(''v'', ''apro'', ''pr'', ''apro'')'	1	
'(''spro'', ''s'', ''v'', ''pr'')'	1	
'(''v'', ''s'', ''apro'', ''v'')'	1	
'(''num'', ''v'', ''part'', ''conj'')'	1	
'(''s.PROP'', ''s.PROP'', ''a'', ''s'')'	1	
'(''part'', ''part'', ''v'', ''conj'')'	1	
'(''v'', ''spro'', ''adv'', ''s'')'	1	
'(''spro'', ''adv'', ''v'', ''a'')'	1	
'(''v'', ''spro'', ''conj'', ''pr'')'	1	
'(''pr'', ''num'', ''part'', ''adv'')'	1	
'(''s'', ''a'', ''pr'', ''s.PROP'')'	1	
'(''v'', ''spro'', ''pr'', ''spro'')'	1	
'(''conj'', ''s'', ''v'', ''adv'')'	1	
'(''conj'', ''anum'', ''a'', ''s'')'	1	
'(''spro'', ''s'', ''conj'', ''s'')'	1	
'(''v'', ''conj'', ''advpro'', ''v'')'	1	
'(''s'', ''s.PROP'', ''s'', ''s'')'	1	
'(''part'', ''conj'', ''v'', ''part'')'	1	
'(''s.PROP'', ''conj'', ''pr'', ''s'')'	1	
'(''spro'', ''adv'', ''v'', ''s'')'	1	
'(''v'', ''s'', ''num'', ''spro'')'	1	
'(''part'', ''part'', ''v'', ''v'')'	1	
'(''spro'', ''s'', ''s'', ''a'')'	1	
'(''conj'', ''adv'', ''spro'', ''advpro'')'	1	
'(''v'', ''advpro'', ''a'', ''s'')'	1	
'(''v'', ''pr'', ''s.PROP'', ''s'')'	1	
'(''apro'', ''s'', ''advpro'', ''v'')'	1	
'(''spro'', ''pr'', ''a'', ''s'')'	1	
'(''part'', ''apro'', ''advpro'', ''v'')'	1	
'(''v'', ''spro'', ''a'', ''pr'')'	1	
'(''s'', ''v'', ''a'', ''v'')'	1	
'(''part'', ''conj'', ''v'', ''s'')'	1	
'(''s'', ''conj'', ''pr'', ''apro'')'	1	
'(''s'', ''v'', ''part'', ''adv'')'	1	
'(''part'', ''adv'', ''s'', ''s'')'	1	
'(''advpro'', ''conj'', ''apro'', ''s'')'	1	
'(''spro'', ''v'', ''s'', ''s'')'	1	
'(''spro'', ''adv'', ''s'', ''adv'')'	1	
'(''part'', ''spro'', ''apro'', ''s'')'	1	
'(''s'', ''v'', ''v'', ''a'')'	1	
'(''pr'', ''num'', ''adv'', ''v'')'	1	
'(''s'', ''part'', ''s'', ''apro'')'	1	
'(''pr'', ''apro'', ''v'', ''adv'')'	1	
'(''s'', ''s.PROP'', ''a'', ''v'')'	1	
'(''s'', ''advpro'', ''part'', ''v'')'	1	
'(''s'', ''advpro'', ''a'', ''s'')'	1	
'(''s'', ''s'', ''part'', ''s'')'	1	
'(''a'', ''a'', ''s'', ''adv'')'	1	
'(''spro'', ''part'', ''adv'', ''adv'')'	1	
'(''a'', ''s'', ''a'', ''v'')'	1	
'(''v'', ''advpro'', ''s'', ''pr'')'	1	
'(''conj'', ''advpro'', ''part'', ''s'')'	1	
'(''adv'', ''a'', ''adv'', ''part'')'	1	
'(''a'', ''s'', ''advpro'', ''adv'')'	1	
'(''spro'', ''a'', ''pr'', ''s'')'	1	
'(''adv'', ''v'', ''advpro'', ''s'')'	1	
'(''apro'', ''v'', ''s'', ''v'')'	1	
'(''spro'', ''a'', ''s'', ''conj'')'	1	
'(''v'', ''s'', ''intj'', ''conj'')'	1	
'(''a'', ''v'', ''a'', ''s'')'	1	
'(''s'', ''s'', ''apro'', ''a'')'	1	
'(''spro'', ''conj'', ''v'', ''pr'')'	1	
'(''conj'', ''v'', ''adv'', ''v'')'	1	
'(''adv'', ''s'', ''pr'', ''a'')'	1	
'(''pr'', ''num'', ''s'', ''s'')'	1	
'(''s'', ''a'', ''a'', ''v'')'	1	
'(''v'', ''spro'', ''v'', ''s'')'	1	
'(''v'', ''s'', ''conj'', ''spro'')'	1	
'(''adv'', ''v'', ''s'', ''conj'')'	1	
'(''spro'', ''v'', ''a'', ''a'')'	1	
'(''s'', ''v'', ''a'', ''pr'')'	1	
'(''conj'', ''spro'', ''part'', ''pr'')'	1	
'(''pr'', ''s'', ''part'', ''part'')'	1	
'(''conj'', ''v'', ''adv'', ''s'')'	1	
'(''adv'', ''conj'', ''s'', ''s'')'	1	
'(''s'', ''apro'', ''s'', ''apro'')'	1	
'(''v'', ''s'', ''v'', ''adv'')'	1	
'(''v'', ''s'', ''conj'', ''apro'')'	1	
'(''part'', ''conj'', ''advpro'', ''v'')'	1	
'(''v'', ''conj'', ''v'', ''v'')'	1	
'(''v'', ''s'', ''advpro'', ''v'')'	1	
'(''adv'', ''conj'', ''advpro'', ''part'')'	1	
'(''v'', ''part'', ''pr'', ''apro'')'	1	
'(''conj'', ''s'', ''v'', ''advpro'')'	1	
'(''s'', ''advpro'', ''spro'', ''v'')'	1	
'(''apro'', ''s'', ''s'', ''adv'')'	1	
'(''spro'', ''v'', ''adv'', ''spro'')'	1	
'(''spro'', ''advpro'', ''v'', ''a'')'	1	
'(''s'', ''advpro'', ''adv'', ''v'')'	1	
'(''part'', ''adv'', ''a'', ''conj'')'	1	
'(''v'', ''s'', ''conj'', ''s'')'	1	
'(''conj'', ''v'', ''a'', ''a'')'	1	
'(''pr'', ''apro'', ''a'', ''adv'')'	1	
'(''v'', ''v'', ''v'', ''s'')'	1	
'(''adv'', ''part'', ''pr'', ''a'')'	1	
'(''s'', ''pr'', ''a'', ''adv'')'	1	
'(''part'', ''apro'', ''conj'', ''conj'')'	1	
'(''pr'', ''a'', ''adv'', ''adv'')'	1	
'(''adv'', ''s'', ''apro'', ''s'')'	1	
'(''pr'', ''s'', ''spro'', ''advpro'')'	1	
'(''conj'', ''s'', ''s'', ''intj'')'	1	
'(''s'', ''s'', ''intj'', ''part'')'	1	
'(''apro'', ''v'', ''adv'', ''v'')'	1	
'(''s.PROP'', ''s'', ''pr'', ''s'')'	1	
'(''s'', ''part'', ''v'', ''a'')'	1	
'(''a'', ''part'', ''a'', ''s'')'	1	
'(''conj'', ''advpro'', ''v'', ''s'')'	1	
'(''spro'', ''v'', ''spro'', ''a'')'	1	
'(''spro'', ''a'', ''a'', ''s'')'	1	
'(''s.PROP'', ''v'', ''part'', ''s'')'	1	
'(''adv'', ''s'', ''v'', ''conj'')'	1	
'(''pr'', ''spro'', ''a'', ''conj'')'	1	
'(''s'', ''s.PROP'', ''conj'', ''pr'')'	1	
'(''v'', ''a'', ''s'', ''apro'')'	1	
'(''adv'', ''part'', ''apro'', ''part'')'	1	
'(''part'', ''conj'', ''part'', ''part'')'	1	
'(''pr'', ''s.PROP'', ''s'', ''v'')'	1	
'(''spro'', ''a'', ''s'', ''adv'')'	1	
'(''a'', ''s'', ''v'', ''part'')'	1	
'(''apro'', ''a'', ''s'', ''adv'')'	1	
'(''v'', ''conj'', ''s'', ''pr'')'	1	
'(''v'', ''v'', ''spro'', ''a'')'	1	
'(''s'', ''v'', ''v'', ''v'')'	1	
'(''conj'', ''adv'', ''v'', ''apro'')'	1	
'(''conj'', ''part'', ''adv'', ''part'')'	1	
'(''a'', ''s'', ''conj'', ''anum'')'	1	
'(''s'', ''s'', ''v'', ''part'')'	1	
'(''s'', ''v'', ''v'', ''conj'')'	1	
'(''s.PROP'', ''a'', ''v'', ''s'')'	1	
'(''spro'', ''s'', ''pr'', ''apro'')'	1	
'(''part'', ''s'', ''pr'', ''v'')'	1	
'(''conj'', ''v'', ''a'', ''s'')'	1	
'(''s'', ''advpro'', ''adv'', ''apro'')'	1	
'(''v'', ''spro'', ''a'', ''a'')'	1	
'(''s.PROP'', ''v'', ''spro'', ''v'')'	1	
'(''s.PROP'', ''s.PROP'', ''v'', ''s'')'	1	
