'(''a'', ''s'', ''v'', ''s'')'	12	16
'(''s'', ''spro'', ''v'', ''pr'')'	12	7
'(''s'', ''spro'', ''part'', ''v'')'	12	3
'(''s'', ''v'', ''pr'', ''s'')'	12	35
'(''v'', ''s'', ''spro'', ''v'')'	11	2
'(''s'', ''v'', ''s'', ''s'')'	10	12
'(''v'', ''s'', ''pr'', ''s'')'	10	12
'(''v'', ''pr'', ''s'', ''conj'')'	10	11
'(''s'', ''pr'', ''s'', ''s'')'	10	14
'(''spro'', ''v'', ''pr'', ''s'')'	10	7
'(''pr'', ''s'', ''a'', ''s'')'	9	
'(''v'', ''s'', ''s'', ''v'')'	9	
'(''pr'', ''s'', ''v'', ''s'')'	9	
'(''s'', ''s'', ''v'', ''spro'')'	9	
'(''s'', ''conj'', ''v'', ''s'')'	9	
'(''v'', ''spro'', ''v'', ''s'')'	8	
'(''v'', ''s'', ''conj'', ''v'')'	8	
'(''v'', ''pr'', ''s'', ''s'')'	8	
'(''s'', ''pr'', ''a'', ''s'')'	8	29
'(''s'', ''conj'', ''v'', ''pr'')'	8	
'(''v'', ''s'', ''v'', ''s'')'	8	
'(''spro'', ''v'', ''s'', ''spro'')'	8	
'(''v'', ''pr'', ''apro'', ''s'')'	7	
'(''spro'', ''v'', ''spro'', ''v'')'	7	
'(''v'', ''v'', ''s'', ''v'')'	7	
'(''s'', ''s'', ''conj'', ''s'')'	7	
'(''s'', ''a'', ''s'', ''s'')'	7	
'(''s'', ''a'', ''s'', ''v'')'	7	
'(''v'', ''pr'', ''s'', ''v'')'	7	
'(''s'', ''spro'', ''v'', ''s'')'	7	
'(''s'', ''v'', ''s'', ''conj'')'	7	
'(''s'', ''v'', ''a'', ''s'')'	7	
'(''spro'', ''v'', ''pr'', ''spro'')'	6	
'(''v'', ''spro'', ''pr'', ''s'')'	6	
'(''part'', ''v'', ''pr'', ''s'')'	6	
'(''v'', ''pr'', ''a'', ''s'')'	6	
'(''conj'', ''v'', ''s'', ''pr'')'	6	
'(''a'', ''s'', ''spro'', ''v'')'	6	
'(''s'', ''s'', ''v'', ''v'')'	6	
'(''v'', ''spro'', ''spro'', ''v'')'	6	
'(''pr'', ''s'', ''spro'', ''v'')'	6	
'(''s'', ''v'', ''spro'', ''v'')'	6	
'(''s'', ''v'', ''adv'', ''v'')'	6	
'(''s'', ''pr'', ''s'', ''conj'')'	6	
'(''pr'', ''s'', ''s'', ''v'')'	6	
'(''v'', ''pr'', ''s'', ''a'')'	6	
'(''pr'', ''s'', ''v'', ''spro'')'	6	
'(''s'', ''apro'', ''s'', ''v'')'	6	
'(''apro'', ''s'', ''pr'', ''s'')'	6	
'(''adv'', ''v'', ''spro'', ''v'')'	6	
'(''v'', ''spro'', ''v'', ''pr'')'	6	
'(''pr'', ''s'', ''s'', ''s'')'	5	
'(''s'', ''conj'', ''spro'', ''v'')'	5	
'(''s'', ''conj'', ''s'', ''v'')'	5	
'(''spro'', ''v'', ''a'', ''s'')'	5	
'(''v'', ''s'', ''v'', ''v'')'	5	
'(''s'', ''v'', ''spro'', ''a'')'	5	
'(''a'', ''s'', ''s'', ''v'')'	5	
'(''s'', ''pr'', ''s'', ''spro'')'	5	
'(''adv'', ''v'', ''s'', ''s'')'	5	
'(''pr'', ''s'', ''pr'', ''s'')'	5	
'(''pr'', ''a'', ''s'', ''spro'')'	5	
'(''s'', ''s'', ''apro'', ''s'')'	5	
'(''s'', ''apro'', ''v'', ''s'')'	5	
'(''s'', ''v'', ''s'', ''v'')'	5	
'(''part'', ''v'', ''apro'', ''s'')'	5	
'(''v'', ''adv'', ''v'', ''s'')'	5	
'(''v'', ''s'', ''a'', ''s'')'	5	
'(''s'', ''v'', ''v'', ''s'')'	5	
'(''pr'', ''apro'', ''s'', ''v'')'	5	
'(''v'', ''spro'', ''a'', ''s'')'	5	
'(''s'', ''v'', ''spro'', ''s'')'	5	
'(''v'', ''v'', ''apro'', ''s'')'	5	
'(''part'', ''v'', ''part'', ''v'')'	5	
'(''v'', ''a'', ''s'', ''s'')'	5	
'(''s'', ''pr'', ''apro'', ''s'')'	5	
'(''s'', ''spro'', ''adv'', ''v'')'	5	
'(''part'', ''v'', ''spro'', ''v'')'	5	
'(''v'', ''apro'', ''s'', ''s'')'	5	
'(''a'', ''s'', ''pr'', ''s'')'	5	
'(''s'', ''pr'', ''s'', ''v'')'	5	
'(''s'', ''s'', ''pr'', ''s'')'	5	
'(''v'', ''spro'', ''v'', ''spro'')'	5	
'(''spro'', ''part'', ''v'', ''spro'')'	4	
'(''apro'', ''s'', ''s'', ''v'')'	4	
'(''v'', ''part'', ''spro'', ''spro'')'	4	
'(''pr'', ''s'', ''conj'', ''v'')'	4	
'(''conj'', ''a'', ''s'', ''v'')'	4	
'(''pr'', ''a'', ''s'', ''v'')'	4	
'(''v'', ''conj'', ''v'', ''s'')'	4	
'(''s'', ''spro'', ''v'', ''spro'')'	4	
'(''apro'', ''s'', ''v'', ''pr'')'	4	
'(''pr'', ''apro'', ''s'', ''s'')'	4	
'(''s'', ''s'', ''part'', ''part'')'	4	
'(''v'', ''adv'', ''v'', ''spro'')'	4	
'(''spro'', ''part'', ''v'', ''v'')'	4	
'(''apro'', ''s'', ''a'', ''s'')'	4	
'(''s'', ''s'', ''v'', ''a'')'	4	
'(''v'', ''v'', ''v'', ''spro'')'	4	
'(''s'', ''spro'', ''spro'', ''v'')'	4	
'(''v'', ''apro'', ''s'', ''part'')'	4	
'(''conj'', ''s'', ''v'', ''pr'')'	4	
'(''apro'', ''s'', ''v'', ''spro'')'	4	
'(''v'', ''part'', ''v'', ''part'')'	4	
'(''v'', ''v'', ''spro'', ''v'')'	4	
'(''apro'', ''s'', ''v'', ''s'')'	4	
'(''adv'', ''v'', ''v'', ''s'')'	4	
'(''spro'', ''spro'', ''v'', ''v'')'	4	
'(''spro'', ''spro'', ''v'', ''spro'')'	4	
'(''v'', ''v'', ''s'', ''s'')'	4	
'(''s'', ''part'', ''part'', ''v'')'	4	
'(''s'', ''s'', ''s'', ''v'')'	4	
'(''s'', ''adv'', ''v'', ''spro'')'	4	
'(''s'', ''v'', ''s'', ''spro'')'	4	
'(''apro'', ''s'', ''v'', ''v'')'	4	
'(''spro'', ''v'', ''v'', ''apro'')'	4	
'(''conj'', ''v'', ''spro'', ''v'')'	4	
'(''v'', ''spro'', ''v'', ''adv'')'	4	
'(''part'', ''v'', ''part'', ''spro'')'	4	
'(''spro'', ''v'', ''pr'', ''apro'')'	4	
'(''s'', ''s'', ''v'', ''adv'')'	4	
'(''v'', ''s'', ''part'', ''v'')'	4	
'(''v'', ''s'', ''s'', ''s'')'	4	
'(''s'', ''s'', ''adv'', ''v'')'	4	
'(''a'', ''s'', ''spro'', ''part'')'	4	
'(''v'', ''pr'', ''spro'', ''pr'')'	4	
'(''conj'', ''v'', ''pr'', ''s'')'	4	
'(''v'', ''a'', ''s'', ''v'')'	4	
'(''pr'', ''s'', ''conj'', ''spro'')'	4	
'(''s'', ''s'', ''spro'', ''v'')'	4	
'(''s'', ''s'', ''v'', ''s'')'	4	
'(''v'', ''pr'', ''s'', ''pr'')'	4	
'(''spro'', ''pr'', ''s'', ''v'')'	4	
'(''spro'', ''adv'', ''v'', ''s'')'	4	
'(''v'', ''s'', ''v'', ''spro'')'	3	
'(''apro'', ''s'', ''s'', ''s'')'	3	
'(''v'', ''v'', ''pr'', ''a'')'	3	
'(''part'', ''v'', ''v'', ''pr'')'	3	
'(''conj'', ''part'', ''v'', ''spro'')'	3	
'(''pr'', ''s'', ''conj'', ''s'')'	3	
'(''v'', ''adv'', ''spro'', ''v'')'	3	
'(''apro'', ''s'', ''spro'', ''part'')'	3	
'(''s'', ''v'', ''v'', ''pr'')'	3	
'(''v'', ''s'', ''s'', ''pr'')'	3	
'(''s'', ''s'', ''s'', ''s'')'	3	
'(''pr'', ''spro'', ''pr'', ''s'')'	3	
'(''v'', ''s'', ''s'', ''apro'')'	3	
'(''a'', ''s'', ''v'', ''adv'')'	3	
'(''pr'', ''v'', ''s'', ''s'')'	3	
'(''s'', ''s'', ''a'', ''s'')'	3	
'(''v'', ''apro'', ''s'', ''a'')'	3	
'(''v'', ''spro'', ''v'', ''conj'')'	3	
'(''a'', ''s'', ''apro'', ''v'')'	3	
'(''v'', ''v'', ''s'', ''conj'')'	3	
'(''v'', ''s'', ''spro'', ''spro'')'	3	
'(''s'', ''a'', ''a'', ''s'')'	3	
'(''v'', ''spro'', ''adv'', ''v'')'	3	
'(''s'', ''conj'', ''a'', ''s'')'	3	
'(''s'', ''part'', ''v'', ''spro'')'	3	
'(''v'', ''a'', ''s'', ''a'')'	3	
'(''a'', ''s'', ''conj'', ''apro'')'	3	
'(''pr'', ''apro'', ''s'', ''spro'')'	3	
'(''apro'', ''s'', ''part'', ''v'')'	3	
'(''pr'', ''s'', ''s'', ''conj'')'	3	
'(''s'', ''conj'', ''s'', ''s'')'	3	
'(''conj'', ''v'', ''s'', ''v'')'	3	
'(''s'', ''v'', ''v'', ''spro'')'	3	
'(''s'', ''a'', ''s'', ''spro'')'	3	
'(''v'', ''spro'', ''pr'', ''spro'')'	3	
'(''s'', ''part'', ''v'', ''part'')'	3	
'(''a'', ''conj'', ''a'', ''s'')'	3	
'(''v'', ''spro'', ''s'', ''conj'')'	3	
'(''s'', ''s'', ''v'', ''part'')'	3	
'(''s'', ''spro'', ''v'', ''a'')'	3	
'(''pr'', ''a'', ''s'', ''conj'')'	3	
'(''s'', ''pr'', ''v'', ''s'')'	3	
'(''a'', ''a'', ''s'', ''conj'')'	3	
'(''v'', ''s'', ''s'', ''spro'')'	3	
'(''s'', ''s'', ''s'', ''part'')'	3	
'(''s'', ''part'', ''v'', ''s'')'	3	
'(''s'', ''s'', ''s'', ''conj'')'	3	
'(''s'', ''s'', ''v'', ''pr'')'	3	
'(''part'', ''v'', ''spro'', ''s'')'	3	
'(''s'', ''v'', ''apro'', ''s'')'	3	
'(''part'', ''v'', ''spro'', ''adv'')'	3	
'(''s'', ''conj'', ''pr'', ''s'')'	3	
'(''a'', ''s'', ''conj'', ''v'')'	3	
'(''s'', ''s'', ''apro'', ''v'')'	3	
'(''spro'', ''part'', ''v'', ''pr'')'	3	
'(''v'', ''s'', ''v'', ''apro'')'	3	
'(''v'', ''a'', ''s'', ''pr'')'	3	
'(''apro'', ''v'', ''s'', ''s'')'	3	
'(''s'', ''v'', ''v'', ''v'')'	3	
'(''spro'', ''a'', ''s'', ''s'')'	3	
'(''s'', ''v'', ''pr'', ''spro'')'	3	
'(''v'', ''v'', ''conj'', ''s'')'	3	
'(''v'', ''apro'', ''s'', ''v'')'	3	
'(''s'', ''pr'', ''s'', ''pr'')'	3	
'(''s'', ''v'', ''s'', ''part'')'	3	
'(''s'', ''v'', ''spro'', ''spro'')'	3	
'(''s'', ''s'', ''spro'', ''part'')'	3	
'(''s'', ''v'', ''conj'', ''v'')'	3	
'(''s'', ''s'', ''part'', ''s'')'	3	
'(''s'', ''v'', ''s'', ''pr'')'	3	
'(''v'', ''spro'', ''v'', ''part'')'	3	
'(''s'', ''s'', ''part'', ''v'')'	3	
'(''spro'', ''pr'', ''apro'', ''s'')'	3	
'(''pr'', ''s'', ''pr'', ''v'')'	3	
'(''s'', ''v'', ''s'', ''a'')'	3	
'(''s'', ''a'', ''s'', ''apro'')'	3	
'(''v'', ''spro'', ''s'', ''pr'')'	3	
'(''v'', ''pr'', ''spro'', ''s'')'	3	
'(''pr'', ''apro'', ''s'', ''pr'')'	3	
'(''spro'', ''pr'', ''s'', ''pr'')'	3	
'(''s'', ''adv'', ''v'', ''s'')'	3	
'(''v'', ''s'', ''s.PROP'', ''v'')'	3	
'(''s'', ''a'', ''s'', ''pr'')'	3	
'(''s'', ''s'', ''s'', ''spro'')'	3	
'(''conj'', ''pr'', ''s'', ''pr'')'	3	
'(''apro'', ''s'', ''spro'', ''v'')'	3	
'(''a'', ''s'', ''s'', ''apro'')'	3	
'(''s'', ''s'', ''conj'', ''v'')'	3	
'(''spro'', ''part'', ''v'', ''part'')'	3	
'(''spro'', ''pr'', ''a'', ''s'')'	3	
'(''s'', ''v'', ''pr'', ''a'')'	3	
'(''a'', ''s'', ''v'', ''a'')'	3	
'(''spro'', ''v'', ''spro'', ''pr'')'	3	
'(''spro'', ''v'', ''part'', ''s'')'	3	
'(''a'', ''s'', ''pr'', ''a'')'	3	
'(''a'', ''s'', ''a'', ''s'')'	3	
'(''spro'', ''v'', ''apro'', ''s'')'	3	
'(''v'', ''a'', ''a'', ''s'')'	2	
'(''v'', ''s'', ''pr'', ''apro'')'	2	
'(''v'', ''conj'', ''part'', ''v'')'	2	
'(''spro'', ''adv'', ''part'', ''part'')'	2	
'(''s'', ''a'', ''conj'', ''a'')'	2	
'(''s'', ''v'', ''s'', ''adv'')'	2	
'(''adv'', ''v'', ''pr'', ''apro'')'	2	
'(''s'', ''part'', ''adv'', ''v'')'	2	
'(''v'', ''spro'', ''pr'', ''a'')'	2	
'(''pr'', ''s'', ''s'', ''adv'')'	2	
'(''pr'', ''s'', ''pr'', ''apro'')'	2	
'(''v'', ''s'', ''v'', ''a'')'	2	
'(''part'', ''v'', ''adv'', ''v'')'	2	
'(''a'', ''a'', ''s'', ''v'')'	2	
'(''a'', ''s'', ''s'', ''s.PROP'')'	2	
'(''s'', ''advpro'', ''part'', ''v'')'	2	
'(''v'', ''s'', ''s'', ''adv'')'	2	
'(''s'', ''apro'', ''spro'', ''v'')'	2	
'(''s'', ''conj'', ''s'', ''pr'')'	2	
'(''apro'', ''s'', ''part'', ''part'')'	2	
'(''s'', ''pr'', ''spro'', ''s'')'	2	
'(''a'', ''pr'', ''s'', ''s'')'	2	
'(''v'', ''s'', ''v'', ''pr'')'	2	
'(''adv'', ''v'', ''apro'', ''v'')'	2	
'(''adv'', ''v'', ''num'', ''s'')'	2	
'(''v'', ''pr'', ''anum'', ''s'')'	2	
'(''conj'', ''apro'', ''s'', ''v'')'	2	
'(''s'', ''apro'', ''s'', ''part'')'	2	
'(''s'', ''s'', ''pr'', ''spro'')'	2	
'(''v'', ''part'', ''a'', ''s'')'	2	
'(''s'', ''v'', ''part'', ''a'')'	2	
'(''s'', ''v'', ''v'', ''adv'')'	2	
'(''s.PROP'', ''v'', ''spro'', ''pr'')'	2	
'(''apro'', ''s'', ''apro'', ''s'')'	2	
'(''s'', ''part'', ''part'', ''part'')'	2	
'(''s'', ''apro'', ''a'', ''a'')'	2	
'(''v'', ''v'', ''spro'', ''spro'')'	2	
'(''spro'', ''part'', ''spro'', ''v'')'	2	
'(''v'', ''spro'', ''s'', ''apro'')'	2	
'(''v'', ''spro'', ''s.PROP'', ''v'')'	2	
'(''advpro'', ''spro'', ''v'', ''pr'')'	2	
'(''spro'', ''v'', ''advpro'', ''v'')'	2	
'(''v'', ''conj'', ''s'', ''v'')'	2	
'(''pr'', ''spro'', ''part'', ''s'')'	2	
'(''pr'', ''v'', ''a'', ''s'')'	2	
'(''a'', ''a'', ''s'', ''s'')'	2	
'(''s'', ''spro'', ''s'', ''conj'')'	2	
'(''pr'', ''spro'', ''v'', ''s'')'	2	
'(''pr'', ''s'', ''apro'', ''s'')'	2	
'(''s'', ''s.PROP'', ''v'', ''s'')'	2	
'(''s'', ''s'', ''s'', ''pr'')'	2	
'(''apro'', ''adv'', ''v'', ''part'')'	2	
'(''spro'', ''spro'', ''v'', ''pr'')'	2	
'(''part'', ''v'', ''s'', ''v'')'	2	
'(''s'', ''spro'', ''v'', ''v'')'	2	
'(''part'', ''part'', ''apro'', ''s'')'	2	
'(''v'', ''s'', ''apro'', ''s'')'	2	
'(''part'', ''spro'', ''spro'', ''s'')'	2	
'(''part'', ''apro'', ''a'', ''s'')'	2	
'(''spro'', ''s'', ''apro'', ''s'')'	2	
'(''v'', ''spro'', ''conj'', ''v'')'	2	
'(''spro'', ''a'', ''s'', ''v'')'	2	
'(''s'', ''s.PROP'', ''s.PROP'', ''adv'')'	2	
'(''pr'', ''apro'', ''s'', ''apro'')'	2	
'(''a'', ''s'', ''s'', ''a'')'	2	
'(''s'', ''spro'', ''pr'', ''apro'')'	2	
'(''spro'', ''s'', ''pr'', ''spro'')'	2	
'(''adv'', ''v'', ''pr'', ''spro'')'	2	
'(''s'', ''advpro'', ''v'', ''s'')'	2	
'(''part'', ''pr'', ''spro'', ''part'')'	2	
'(''s'', ''conj'', ''part'', ''v'')'	2	
'(''adv'', ''spro'', ''v'', ''pr'')'	2	
'(''spro'', ''adv'', ''v'', ''pr'')'	2	
'(''part'', ''v'', ''v'', ''spro'')'	2	
'(''adv'', ''v'', ''s'', ''spro'')'	2	
'(''s'', ''conj'', ''adv'', ''pr'')'	2	
'(''part'', ''v'', ''v'', ''s'')'	2	
'(''v'', ''adv'', ''pr'', ''s'')'	2	
'(''s'', ''conj'', ''v'', ''spro'')'	2	
'(''s'', ''s'', ''advpro'', ''v'')'	2	
'(''v'', ''s'', ''spro'', ''pr'')'	2	
'(''spro'', ''s.PROP'', ''v'', ''s'')'	2	
'(''adv'', ''v'', ''s'', ''pr'')'	2	
'(''conj'', ''v'', ''v'', ''s'')'	2	
'(''s'', ''pr'', ''s'', ''a'')'	2	
'(''apro'', ''s'', ''conj'', ''v'')'	2	
'(''spro'', ''pr'', ''spro'', ''v'')'	2	
'(''pr'', ''num'', ''s'', ''v'')'	2	
'(''spro'', ''s'', ''conj'', ''v'')'	2	
'(''pr'', ''v'', ''s'', ''v'')'	2	
'(''spro'', ''spro'', ''v'', ''advpro'')'	2	
'(''spro'', ''v'', ''pr'', ''v'')'	2	
'(''spro'', ''v'', ''s'', ''v'')'	2	
'(''s'', ''v'', ''spro'', ''pr'')'	2	
'(''a'', ''s'', ''a'', ''a'')'	2	
'(''conj'', ''v'', ''part'', ''pr'')'	2	
'(''s'', ''v'', ''spro'', ''conj'')'	2	
'(''v'', ''part'', ''spro'', ''v'')'	2	
'(''s'', ''pr'', ''spro'', ''v'')'	2	
'(''v'', ''s.PROP'', ''adv'', ''v'')'	2	
'(''adv'', ''pr'', ''apro'', ''s'')'	2	
'(''s'', ''conj'', ''v'', ''adv'')'	2	
'(''conj'', ''v'', ''a'', ''s'')'	2	
'(''pr'', ''s'', ''adv'', ''v'')'	2	
'(''pr'', ''a'', ''s'', ''part'')'	2	
'(''s'', ''s'', ''spro'', ''s'')'	2	
'(''adv'', ''s'', ''pr'', ''s'')'	2	
'(''v'', ''part'', ''v'', ''spro'')'	2	
'(''v'', ''pr'', ''s'', ''part'')'	2	
'(''v'', ''pr'', ''s'', ''apro'')'	2	
'(''conj'', ''v'', ''s'', ''s.PROP'')'	2	
'(''v'', ''s'', ''conj'', ''s'')'	2	
'(''apro'', ''s'', ''v'', ''part'')'	2	
'(''pr'', ''spro'', ''spro'', ''v'')'	2	
'(''spro'', ''s'', ''v'', ''part'')'	2	
'(''a'', ''s'', ''part'', ''s'')'	2	
'(''num'', ''s'', ''spro'', ''v'')'	2	
'(''part'', ''spro'', ''v'', ''v'')'	2	
'(''adv'', ''v'', ''spro'', ''s'')'	2	
'(''s'', ''apro'', ''v'', ''pr'')'	2	
'(''a'', ''s'', ''s'', ''spro'')'	2	
'(''v'', ''apro'', ''s'', ''spro'')'	2	
'(''v'', ''part'', ''pr'', ''spro'')'	2	
'(''part'', ''s'', ''part'', ''v'')'	2	
'(''spro'', ''v'', ''v'', ''v'')'	2	
'(''s'', ''apro'', ''v'', ''v'')'	2	
'(''spro'', ''v'', ''v'', ''pr'')'	2	
'(''part'', ''v'', ''spro'', ''pr'')'	2	
'(''s'', ''s'', ''s'', ''adv'')'	2	
'(''s'', ''s'', ''part'', ''a'')'	2	
'(''s'', ''part'', ''pr'', ''spro'')'	2	
'(''v'', ''s'', ''advpro'', ''v'')'	2	
'(''s'', ''part'', ''v'', ''v'')'	2	
'(''s'', ''spro'', ''v'', ''advpro'')'	2	
'(''s'', ''v'', ''adv'', ''s'')'	2	
'(''s'', ''conj'', ''apro'', ''pr'')'	2	
'(''spro'', ''s.PROP'', ''v'', ''spro'')'	2	
'(''s'', ''part'', ''s'', ''part'')'	2	
'(''adv'', ''v'', ''spro'', ''spro'')'	2	
'(''pr'', ''s'', ''conj'', ''apro'')'	2	
'(''v'', ''pr'', ''spro'', ''v'')'	2	
'(''v'', ''part'', ''pr'', ''s'')'	2	
'(''spro'', ''spro'', ''advpro'', ''v'')'	2	
'(''v'', ''a'', ''s'', ''advpro'')'	2	
'(''v'', ''s'', ''pr'', ''spro'')'	2	
'(''pr'', ''spro'', ''part'', ''v'')'	2	
'(''conj'', ''v'', ''pr'', ''apro'')'	2	
'(''part'', ''v'', ''a'', ''s'')'	2	
'(''v'', ''spro'', ''part'', ''v'')'	2	
'(''spro'', ''v'', ''part'', ''spro'')'	2	
'(''part'', ''apro'', ''s'', ''s'')'	2	
'(''apro'', ''a'', ''s'', ''apro'')'	2	
'(''spro'', ''part'', ''v'', ''conj'')'	2	
'(''pr'', ''s'', ''v'', ''pr'')'	2	
'(''spro'', ''s'', ''pr'', ''s'')'	2	
'(''spro'', ''adv'', ''v'', ''spro'')'	2	
'(''part'', ''adv'', ''v'', ''spro'')'	2	
'(''s.PROP'', ''v'', ''s'', ''v'')'	2	
'(''s'', ''conj'', ''s'', ''conj'')'	2	
'(''v'', ''part'', ''s'', ''s'')'	2	
'(''part'', ''part'', ''v'', ''apro'')'	2	
'(''s'', ''advpro'', ''v'', ''spro'')'	2	
'(''adv'', ''conj'', ''adv'', ''v'')'	2	
'(''a'', ''s'', ''adv'', ''v'')'	2	
'(''v'', ''spro'', ''s'', ''v'')'	2	
'(''part'', ''v'', ''s'', ''part'')'	2	
'(''apro'', ''s'', ''part'', ''adv'')'	2	
'(''spro'', ''v'', ''pr'', ''a'')'	2	
'(''pr'', ''spro'', ''s'', ''spro'')'	2	
'(''pr'', ''spro'', ''s.PROP'', ''v'')'	2	
'(''a'', ''s'', ''advpro'', ''part'')'	2	
'(''v'', ''part'', ''apro'', ''s'')'	2	
'(''v'', ''s'', ''s'', ''part'')'	2	
'(''v'', ''pr'', ''v'', ''s'')'	2	
'(''part'', ''part'', ''v'', ''spro'')'	2	
'(''a'', ''s'', ''v'', ''v'')'	2	
'(''v'', ''num'', ''s'', ''conj'')'	2	
'(''spro'', ''conj'', ''v'', ''v'')'	2	
'(''pr'', ''s'', ''apro'', ''spro'')'	2	
'(''part'', ''a'', ''s'', ''s'')'	2	
'(''spro'', ''v'', ''s'', ''a'')'	2	
'(''v'', ''a'', ''s'', ''spro'')'	2	
'(''s'', ''pr'', ''s'', ''s.PROP'')'	2	
'(''v'', ''conj'', ''v'', ''spro'')'	2	
'(''num'', ''s'', ''s'', ''v'')'	2	
'(''pr'', ''spro'', ''v'', ''v'')'	2	
'(''v'', ''spro'', ''v'', ''v'')'	2	
'(''spro'', ''v'', ''v'', ''s.PROP'')'	2	
'(''v'', ''adv'', ''s'', ''v'')'	2	
'(''pr'', ''apro'', ''a'', ''s'')'	2	
'(''spro'', ''part'', ''s'', ''s'')'	2	
'(''conj'', ''v'', ''s'', ''s'')'	2	
'(''v'', ''spro'', ''spro'', ''s'')'	2	
'(''pr'', ''s'', ''conj'', ''part'')'	2	
'(''spro'', ''v'', ''v'', ''spro'')'	2	
'(''adv'', ''spro'', ''v'', ''spro'')'	2	
'(''conj'', ''s'', ''s'', ''part'')'	2	
'(''num'', ''s'', ''v'', ''spro'')'	2	
'(''s'', ''adv'', ''adv'', ''v'')'	2	
'(''pr'', ''s'', ''part'', ''spro'')'	2	
'(''s'', ''spro'', ''a'', ''conj'')'	2	
'(''spro'', ''adv'', ''conj'', ''adv'')'	2	
'(''v'', ''v'', ''pr'', ''s'')'	2	
'(''pr'', ''s'', ''v'', ''adv'')'	2	
'(''a'', ''s'', ''advpro'', ''v'')'	2	
'(''spro'', ''spro'', ''v'', ''conj'')'	2	
'(''v'', ''s'', ''pr'', ''v'')'	2	
'(''v'', ''num'', ''s'', ''s'')'	2	
'(''pr'', ''spro'', ''v'', ''part'')'	2	
'(''adv'', ''v'', ''pr'', ''s'')'	2	
'(''v'', ''part'', ''s'', ''v'')'	2	
'(''v'', ''apro'', ''s'', ''conj'')'	2	
'(''v'', ''s'', ''s'', ''conj'')'	2	
'(''v'', ''spro'', ''s'', ''part'')'	2	
'(''s'', ''v'', ''part'', ''pr'')'	2	
'(''part'', ''part'', ''v'', ''part'')'	2	
'(''s'', ''pr'', ''s'', ''apro'')'	2	
'(''apro'', ''a'', ''a'', ''s'')'	2	
'(''s'', ''apro'', ''v'', ''spro'')'	2	
'(''s'', ''s.PROP'', ''v'', ''v'')'	2	
'(''conj'', ''adv'', ''v'', ''pr'')'	2	
'(''spro'', ''v'', ''spro'', ''s'')'	2	
'(''pr'', ''spro'', ''a'', ''s'')'	2	
'(''part'', ''v'', ''conj'', ''part'')'	2	
'(''spro'', ''v'', ''spro'', ''part'')'	2	
'(''a'', ''s'', ''v'', ''pr'')'	2	
'(''spro'', ''v'', ''conj'', ''s'')'	2	
'(''s'', ''s'', ''adv'', ''adv'')'	2	
'(''adv'', ''v'', ''s'', ''v'')'	2	
'(''s'', ''spro'', ''v'', ''anum'')'	2	
'(''apro'', ''a'', ''s'', ''v'')'	2	
'(''spro'', ''s'', ''s'', ''part'')'	2	
'(''v'', ''apro'', ''s'', ''pr'')'	2	
'(''v'', ''adv'', ''pr'', ''apro'')'	2	
'(''part'', ''part'', ''part'', ''v'')'	2	
'(''adv'', ''v'', ''a'', ''s'')'	2	
'(''a'', ''s'', ''s'', ''s'')'	2	
'(''spro'', ''v'', ''s'', ''s'')'	2	
'(''pr'', ''s'', ''s'', ''pr'')'	2	
'(''v'', ''spro'', ''a'', ''conj'')'	2	
'(''s'', ''conj'', ''s'', ''s.PROP'')'	2	
'(''adv'', ''v'', ''part'', ''v'')'	2	
'(''v'', ''part'', ''apro'', ''a'')'	2	
'(''spro'', ''v'', ''conj'', ''v'')'	2	
'(''pr'', ''s'', ''advpro'', ''spro'')'	2	
'(''pr'', ''s'', ''pr'', ''spro'')'	2	
'(''spro'', ''a'', ''conj'', ''s'')'	2	
'(''s'', ''pr'', ''spro'', ''a'')'	2	
'(''apro'', ''v'', ''s'', ''pr'')'	2	
'(''v'', ''adv'', ''part'', ''s'')'	2	
'(''part'', ''pr'', ''spro'', ''v'')'	2	
'(''s'', ''advpro'', ''spro'', ''v'')'	2	
'(''adv'', ''v'', ''part'', ''pr'')'	2	
'(''v'', ''s'', ''conj'', ''pr'')'	2	
'(''s'', ''v'', ''adv'', ''pr'')'	2	
'(''spro'', ''v'', ''spro'', ''a'')'	2	
'(''spro'', ''spro'', ''spro'', ''v'')'	2	
'(''s.PROP'', ''v'', ''s'', ''pr'')'	2	
'(''v'', ''conj'', ''s'', ''pr'')'	2	
'(''s'', ''part'', ''a'', ''a'')'	1	
'(''spro'', ''part'', ''s'', ''conj'')'	1	
'(''part'', ''part'', ''s'', ''s'')'	1	
'(''pr'', ''conj'', ''spro'', ''part'')'	1	
'(''v'', ''pr'', ''spro'', ''adv'')'	1	
'(''pr'', ''num'', ''s'', ''spro'')'	1	
'(''conj'', ''v'', ''adv'', ''spro'')'	1	
'(''advpro'', ''v'', ''v'', ''s'')'	1	
'(''pr'', ''spro'', ''a'', ''v'')'	1	
'(''v'', ''part'', ''adv'', ''spro'')'	1	
'(''s'', ''s'', ''spro'', ''spro'')'	1	
'(''part'', ''v'', ''v'', ''apro'')'	1	
'(''s.PROP'', ''v'', ''pr'', ''s'')'	1	
'(''a'', ''pr'', ''a'', ''pr'')'	1	
'(''s'', ''s'', ''part'', ''spro'')'	1	
'(''pr'', ''s'', ''part'', ''v'')'	1	
'(''spro'', ''s'', ''adv'', ''v'')'	1	
'(''s'', ''s.PROP'', ''v'', ''spro'')'	1	
'(''a'', ''s'', ''s.PROP'', ''s'')'	1	
'(''v'', ''v'', ''part'', ''apro'')'	1	
'(''apro'', ''s'', ''s'', ''advpro'')'	1	
'(''s.PROP'', ''pr'', ''s'', ''v'')'	1	
'(''pr'', ''s'', ''s.PROP'', ''v'')'	1	
'(''apro'', ''s'', ''adv'', ''v'')'	1	
'(''s'', ''part'', ''a'', ''s'')'	1	
'(''s'', ''s.PROP'', ''s'', ''apro'')'	1	
'(''conj'', ''v'', ''pr'', ''anum'')'	1	
'(''spro'', ''s'', ''apro'', ''adv'')'	1	
'(''spro'', ''s'', ''s'', ''spro'')'	1	
'(''s'', ''part'', ''v'', ''conj'')'	1	
'(''conj'', ''s'', ''v'', ''adv'')'	1	
'(''pr'', ''anum'', ''s'', ''spro'')'	1	
'(''part'', ''v'', ''v'', ''a'')'	1	
'(''s'', ''v'', ''spro'', ''apro'')'	1	
'(''spro'', ''adv'', ''v'', ''conj'')'	1	
'(''conj'', ''s'', ''s'', ''v'')'	1	
'(''s'', ''adv'', ''v'', ''adv'')'	1	
'(''s'', ''pr'', ''v'', ''a'')'	1	
'(''s'', ''v'', ''apro'', ''pr'')'	1	
'(''a'', ''s'', ''conj'', ''part'')'	1	
'(''spro'', ''s'', ''v'', ''apro'')'	1	
'(''part'', ''s'', ''part'', ''pr'')'	1	
'(''num'', ''s'', ''pr'', ''a'')'	1	
'(''pr'', ''spro'', ''s'', ''part'')'	1	
'(''s.PROP'', ''pr'', ''apro'', ''s'')'	1	
'(''v'', ''v'', ''s.PROP'', ''spro'')'	1	
'(''part'', ''adv'', ''spro'', ''v'')'	1	
'(''v'', ''s.PROP'', ''pr'', ''s'')'	1	
'(''a'', ''a'', ''s'', ''adv'')'	1	
'(''pr'', ''spro'', ''s'', ''s'')'	1	
'(''advpro'', ''s'', ''s'', ''s'')'	1	
'(''adv'', ''v'', ''s'', ''a'')'	1	
'(''s.PROP'', ''s'', ''s.PROP'', ''conj'')'	1	
'(''v'', ''part'', ''s.PROP'', ''spro'')'	1	
'(''part'', ''spro'', ''s'', ''spro'')'	1	
'(''num'', ''part'', ''v'', ''adv'')'	1	
'(''a'', ''apro'', ''s'', ''intj'')'	1	
'(''conj'', ''spro'', ''v'', ''part'')'	1	
'(''v'', ''v'', ''a'', ''s'')'	1	
'(''spro'', ''spro'', ''pr'', ''spro'')'	1	
'(''spro'', ''v'', ''adv'', ''anum'')'	1	
'(''s'', ''conj'', ''pr'', ''num'')'	1	
'(''s'', ''a'', ''part'', ''spro'')'	1	
'(''conj'', ''spro'', ''v'', ''s'')'	1	
'(''v'', ''anum'', ''apro'', ''s'')'	1	
'(''advpro'', ''spro'', ''spro'', ''pr'')'	1	
'(''s'', ''v'', ''spro'', ''part'')'	1	
'(''conj'', ''v'', ''spro'', ''spro'')'	1	
'(''s.PROP'', ''pr'', ''s.PROP'', ''conj'')'	1	
'(''part'', ''spro'', ''s'', ''s'')'	1	
'(''adv'', ''pr'', ''s'', ''s'')'	1	
'(''spro'', ''s'', ''adv'', ''a'')'	1	
'(''s'', ''s'', ''s.PROP'', ''v'')'	1	
'(''spro'', ''s.PROP'', ''s.PROP'', ''pr'')'	1	
'(''v'', ''spro'', ''num'', ''spro'')'	1	
'(''a'', ''conj'', ''s'', ''s'')'	1	
'(''s'', ''s'', ''a'', ''pr'')'	1	
'(''s'', ''v'', ''adv'', ''num'')'	1	
'(''conj'', ''s'', ''s'', ''adv'')'	1	
'(''part'', ''s'', ''s'', ''num'')'	1	
'(''part'', ''s'', ''spro'', ''pr'')'	1	
'(''adv'', ''adv'', ''v'', ''apro'')'	1	
'(''part'', ''v'', ''conj'', ''v'')'	1	
'(''intj'', ''advpro'', ''spro'', ''part'')'	1	
'(''spro'', ''pr'', ''s'', ''spro'')'	1	
'(''v'', ''part'', ''spro'', ''pr'')'	1	
'(''part'', ''part'', ''v'', ''adv'')'	1	
'(''advpro'', ''v'', ''s'', ''spro'')'	1	
'(''v'', ''s'', ''s.PROP'', ''pr'')'	1	
'(''adv'', ''part'', ''pr'', ''s.PROP'')'	1	
'(''v'', ''advpro'', ''s'', ''conj'')'	1	
'(''pr'', ''a'', ''s'', ''s'')'	1	
'(''pr'', ''apro'', ''s'', ''adv'')'	1	
'(''v'', ''pr'', ''apro'', ''v'')'	1	
'(''a'', ''s'', ''v'', ''apro'')'	1	
'(''s'', ''adv'', ''v'', ''advpro'')'	1	
'(''s'', ''advpro'', ''s'', ''s'')'	1	
'(''conj'', ''s'', ''s'', ''apro'')'	1	
'(''a'', ''part'', ''spro'', ''s'')'	1	
'(''a'', ''s'', ''apro'', ''s.PROP'')'	1	
'(''v'', ''s.PROP'', ''spro'', ''adv'')'	1	
'(''adv'', ''spro'', ''part'', ''v'')'	1	
'(''v'', ''apro'', ''a'', ''s'')'	1	
'(''conj'', ''v'', ''num'', ''s'')'	1	
'(''apro'', ''v'', ''pr'', ''adv'')'	1	
'(''conj'', ''v'', ''adv'', ''pr'')'	1	
'(''v'', ''apro'', ''v'', ''apro'')'	1	
'(''s'', ''s'', ''pr'', ''v'')'	1	
'(''s.PROP'', ''pr'', ''s'', ''advpro'')'	1	
'(''spro'', ''v'', ''s.PROP'', ''apro'')'	1	
'(''conj'', ''adv'', ''pr'', ''apro'')'	1	
'(''conj'', ''v'', ''apro'', ''s'')'	1	
'(''a'', ''s'', ''spro'', ''adv'')'	1	
'(''pr'', ''spro'', ''v'', ''conj'')'	1	
'(''part'', ''spro'', ''pr'', ''s'')'	1	
'(''v'', ''v'', ''pr'', ''v'')'	1	
'(''s'', ''v'', ''v'', ''conj'')'	1	
'(''v'', ''a'', ''s'', ''conj'')'	1	
'(''part'', ''num'', ''part'', ''v'')'	1	
'(''s'', ''pr'', ''spro'', ''conj'')'	1	
'(''spro'', ''a'', ''part'', ''s'')'	1	
'(''v'', ''a'', ''apro'', ''s'')'	1	
'(''adv'', ''adv'', ''s'', ''pr'')'	1	
'(''s'', ''v'', ''apro'', ''adv'')'	1	
'(''v'', ''v'', ''s'', ''s.PROP'')'	1	
'(''s'', ''s'', ''num'', ''adv'')'	1	
'(''advpro'', ''spro'', ''v'', ''s.PROP'')'	1	
'(''v'', ''adv'', ''pr'', ''spro'')'	1	
'(''s'', ''a'', ''s'', ''conj'')'	1	
'(''v'', ''s'', ''a'', ''a'')'	1	
'(''a'', ''a'', ''a'', ''spro'')'	1	
'(''v'', ''part'', ''pr'', ''apro'')'	1	
'(''advpro'', ''part'', ''v'', ''apro'')'	1	
'(''spro'', ''v'', ''a'', ''a'')'	1	
'(''s'', ''num'', ''s'', ''v'')'	1	
'(''s'', ''v'', ''adv'', ''adv'')'	1	
'(''part'', ''s.PROP'', ''spro'', ''v'')'	1	
'(''part'', ''apro'', ''s'', ''adv'')'	1	
'(''part'', ''part'', ''part'', ''apro'')'	1	
'(''v'', ''spro'', ''spro'', ''pr'')'	1	
'(''spro'', ''v'', ''adv'', ''v'')'	1	
'(''apro'', ''spro'', ''v'', ''spro'')'	1	
'(''s.PROP'', ''spro'', ''adv'', ''s'')'	1	
'(''conj'', ''v'', ''spro'', ''s.PROP'')'	1	
'(''adv'', ''adv'', ''apro'', ''adv'')'	1	
'(''v'', ''s'', ''conj'', ''adv'')'	1	
'(''s.PROP'', ''s'', ''s'', ''v'')'	1	
'(''v'', ''part'', ''pr'', ''v'')'	1	
'(''part'', ''pr'', ''v'', ''s'')'	1	
'(''a'', ''s'', ''advpro'', ''advpro'')'	1	
'(''apro'', ''v'', ''s'', ''spro'')'	1	
'(''part'', ''a'', ''pr'', ''s'')'	1	
'(''spro'', ''v'', ''advpro'', ''s'')'	1	
'(''s'', ''s'', ''intj'', ''s'')'	1	
'(''spro'', ''v'', ''spro'', ''adv'')'	1	
'(''pr'', ''spro'', ''pr'', ''a'')'	1	
'(''part'', ''v'', ''s.PROP'', ''part'')'	1	
'(''spro'', ''adv'', ''s'', ''spro'')'	1	
'(''adv'', ''spro'', ''v'', ''s'')'	1	
'(''spro'', ''conj'', ''pr'', ''apro'')'	1	
'(''advpro'', ''s.PROP'', ''s.PROP'', ''a'')'	1	
'(''apro'', ''v'', ''spro'', ''spro'')'	1	
'(''adv'', ''v'', ''adv'', ''part'')'	1	
'(''s'', ''pr'', ''s.PROP'', ''s.PROP'')'	1	
'(''s'', ''s.PROP'', ''s.PROP'', ''s.PROP'')'	1	
'(''conj'', ''a'', ''s'', ''advpro'')'	1	
'(''apro'', ''s'', ''v'', ''adv'')'	1	
'(''spro'', ''part'', ''spro'', ''s'')'	1	
'(''part'', ''spro'', ''num'', ''s'')'	1	
'(''apro'', ''spro'', ''v'', ''s.PROP'')'	1	
'(''part'', ''v'', ''spro'', ''advpro'')'	1	
'(''spro'', ''v'', ''part'', ''v'')'	1	
'(''v'', ''spro'', ''s'', ''advpro'')'	1	
'(''conj'', ''a'', ''a'', ''s'')'	1	
'(''a'', ''s'', ''s'', ''conj'')'	1	
'(''s.PROP'', ''adv'', ''v'', ''v'')'	1	
'(''s'', ''v'', ''part'', ''v'')'	1	
'(''s'', ''v'', ''pr'', ''s.PROP'')'	1	
'(''intj'', ''s'', ''adv'', ''v'')'	1	
'(''v'', ''s.PROP'', ''v'', ''part'')'	1	
'(''advpro'', ''v'', ''spro'', ''v'')'	1	
'(''a'', ''pr'', ''apro'', ''s'')'	1	
'(''pr'', ''pr'', ''s'', ''v'')'	1	
'(''conj'', ''part'', ''a'', ''pr'')'	1	
'(''apro'', ''adv'', ''v'', ''adv'')'	1	
'(''v'', ''pr'', ''spro'', ''a'')'	1	
'(''v'', ''v'', ''v'', ''v'')'	1	
'(''s.PROP'', ''v'', ''s'', ''apro'')'	1	
'(''a'', ''spro'', ''spro'', ''v'')'	1	
'(''spro'', ''apro'', ''v'', ''s'')'	1	
'(''s'', ''spro'', ''intj'', ''conj'')'	1	
'(''spro'', ''s'', ''s'', ''conj'')'	1	
'(''spro'', ''a'', ''v'', ''s'')'	1	
'(''s.PROP'', ''spro'', ''part'', ''v'')'	1	
'(''a'', ''pr'', ''s.PROP'', ''pr'')'	1	
'(''v'', ''v'', ''adv'', ''spro'')'	1	
'(''conj'', ''s'', ''v'', ''part'')'	1	
'(''adv'', ''v'', ''part'', ''adv'')'	1	
'(''s'', ''num'', ''v'', ''s'')'	1	
'(''s'', ''pr'', ''spro'', ''spro'')'	1	
'(''v'', ''spro'', ''part'', ''spro'')'	1	
'(''v'', ''apro'', ''v'', ''conj'')'	1	
'(''s.PROP'', ''s'', ''s'', ''conj'')'	1	
'(''part'', ''v'', ''adv'', ''spro'')'	1	
'(''s'', ''pr'', ''s'', ''part'')'	1	
'(''a'', ''v'', ''spro'', ''pr'')'	1	
'(''spro'', ''apro'', ''s'', ''conj'')'	1	
'(''part'', ''s'', ''v'', ''num'')'	1	
'(''v'', ''spro'', ''s'', ''s'')'	1	
'(''advpro'', ''spro'', ''part'', ''v'')'	1	
'(''s'', ''v'', ''s'', ''apro'')'	1	
'(''conj'', ''s'', ''v'', ''apro'')'	1	
'(''s'', ''conj'', ''v'', ''num'')'	1	
'(''v'', ''a'', ''s'', ''num'')'	1	
'(''apro'', ''s'', ''spro'', ''a'')'	1	
'(''a'', ''s'', ''v'', ''conj'')'	1	
'(''v'', ''v'', ''adv'', ''pr'')'	1	
'(''part'', ''pr'', ''s'', ''advpro'')'	1	
'(''a'', ''s'', ''conj'', ''adv'')'	1	
'(''v'', ''pr'', ''spro'', ''part'')'	1	
'(''v'', ''spro'', ''apro'', ''s'')'	1	
'(''s'', ''a'', ''apro'', ''s'')'	1	
'(''apro'', ''v'', ''v'', ''s.PROP'')'	1	
'(''conj'', ''pr'', ''apro'', ''s'')'	1	
'(''s'', ''adv'', ''part'', ''v'')'	1	
'(''adv'', ''num'', ''s'', ''pr'')'	1	
'(''apro'', ''s'', ''conj'', ''pr'')'	1	
'(''s'', ''conj'', ''v'', ''part'')'	1	
'(''part'', ''a'', ''s'', ''a'')'	1	
'(''a'', ''part'', ''part'', ''a'')'	1	
'(''pr'', ''a'', ''v'', ''adv'')'	1	
'(''spro'', ''v'', ''intj'', ''advpro'')'	1	
'(''s'', ''conj'', ''apro'', ''a'')'	1	
'(''spro'', ''conj'', ''v'', ''spro'')'	1	
'(''conj'', ''adv'', ''v'', ''spro'')'	1	
'(''v'', ''advpro'', ''v'', ''pr'')'	1	
'(''a'', ''apro'', ''s'', ''spro'')'	1	
'(''s'', ''apro'', ''s'', ''a'')'	1	
'(''pr'', ''s'', ''apro'', ''advpro'')'	1	
'(''s'', ''conj'', ''num'', ''s'')'	1	
'(''apro'', ''pr'', ''spro'', ''s.PROP'')'	1	
'(''spro'', ''v'', ''s'', ''s.PROP'')'	1	
'(''apro'', ''s'', ''conj'', ''part'')'	1	
'(''conj'', ''advpro'', ''apro'', ''part'')'	1	
'(''advpro'', ''s'', ''conj'', ''s'')'	1	
'(''v'', ''v'', ''spro'', ''conj'')'	1	
'(''adv'', ''part'', ''v'', ''s'')'	1	
'(''a'', ''conj'', ''s'', ''v'')'	1	
'(''part'', ''part'', ''adv'', ''v'')'	1	
'(''v'', ''s.PROP'', ''spro'', ''spro'')'	1	
'(''s'', ''s'', ''adv'', ''part'')'	1	
'(''a'', ''v'', ''s'', ''s'')'	1	
'(''adv'', ''apro'', ''s'', ''spro'')'	1	
'(''part'', ''a'', ''s'', ''advpro'')'	1	
'(''conj'', ''spro'', ''v'', ''apro'')'	1	
'(''conj'', ''adv'', ''v'', ''v'')'	1	
'(''num'', ''part'', ''pr'', ''spro'')'	1	
'(''spro'', ''s'', ''s'', ''s'')'	1	
'(''anum'', ''apro'', ''s'', ''conj'')'	1	
'(''v'', ''s'', ''s'', ''s.PROP'')'	1	
'(''apro'', ''s'', ''s'', ''apro'')'	1	
'(''spro'', ''pr'', ''num'', ''s'')'	1	
'(''conj'', ''spro'', ''v'', ''v'')'	1	
'(''part'', ''s'', ''spro'', ''adv'')'	1	
'(''adv'', ''part'', ''part'', ''adv'')'	1	
'(''v'', ''s'', ''s'', ''num'')'	1	
'(''spro'', ''advpro'', ''spro'', ''v'')'	1	
'(''v'', ''s.PROP'', ''spro'', ''part'')'	1	
'(''a'', ''s'', ''apro'', ''s'')'	1	
'(''v'', ''s'', ''s.PROP'', ''s.PROP'')'	1	
'(''s'', ''part'', ''v'', ''intj'')'	1	
'(''conj'', ''adv'', ''spro'', ''v'')'	1	
'(''s'', ''v'', ''part'', ''s.PROP'')'	1	
'(''num'', ''s'', ''pr'', ''spro'')'	1	
'(''s'', ''s'', ''v'', ''advpro'')'	1	
'(''v'', ''s'', ''spro'', ''intj'')'	1	
'(''s'', ''v'', ''part'', ''num'')'	1	
'(''spro'', ''num'', ''spro'', ''part'')'	1	
'(''spro'', ''advpro'', ''v'', ''part'')'	1	
'(''spro'', ''a'', ''conj'', ''adv'')'	1	
'(''part'', ''adv'', ''spro'', ''s'')'	1	
'(''apro'', ''spro'', ''adv'', ''v'')'	1	
'(''v'', ''a'', ''pr'', ''s'')'	1	
'(''adv'', ''pr'', ''s'', ''apro'')'	1	
'(''s'', ''part'', ''v'', ''pr'')'	1	
'(''v'', ''s'', ''s.PROP'', ''spro'')'	1	
'(''s'', ''adv'', ''adv'', ''part'')'	1	
'(''v'', ''part'', ''v'', ''pr'')'	1	
'(''part'', ''a'', ''s'', ''pr'')'	1	
'(''s'', ''pr'', ''num'', ''s'')'	1	
'(''apro'', ''s.PROP'', ''adv'', ''v'')'	1	
'(''part'', ''pr'', ''spro'', ''s'')'	1	
'(''spro'', ''v'', ''s.PROP'', ''adv'')'	1	
'(''anum'', ''s'', ''pr'', ''s'')'	1	
'(''spro'', ''apro'', ''v'', ''spro'')'	1	
'(''pr'', ''spro'', ''adv'', ''s'')'	1	
'(''s'', ''apro'', ''s'', ''pr'')'	1	
'(''s.PROP'', ''v'', ''spro'', ''spro'')'	1	
'(''s.PROP'', ''v'', ''advpro'', ''s'')'	1	
'(''pr'', ''s.PROP'', ''v'', ''advpro'')'	1	
'(''v'', ''pr'', ''s'', ''adv'')'	1	
'(''part'', ''adv'', ''conj'', ''v'')'	1	
'(''spro'', ''s'', ''spro'', ''pr'')'	1	
'(''part'', ''s'', ''s'', ''s'')'	1	
'(''conj'', ''apro'', ''spro'', ''v'')'	1	
'(''a'', ''s'', ''s'', ''part'')'	1	
'(''pr'', ''s'', ''s.PROP'', ''s'')'	1	
'(''v'', ''a'', ''conj'', ''s'')'	1	
'(''v'', ''s'', ''v'', ''part'')'	1	
'(''s'', ''pr'', ''s'', ''adv'')'	1	
'(''part'', ''spro'', ''apro'', ''v'')'	1	
'(''part'', ''v'', ''advpro'', ''v'')'	1	
'(''conj'', ''apro'', ''s'', ''pr'')'	1	
'(''apro'', ''advpro'', ''part'', ''v'')'	1	
'(''s'', ''s.PROP'', ''conj'', ''v'')'	1	
'(''pr'', ''adv'', ''spro'', ''part'')'	1	
'(''v'', ''s'', ''a'', ''v'')'	1	
'(''adv'', ''intj'', ''part'', ''a'')'	1	
'(''adv'', ''adv'', ''part'', ''v'')'	1	
'(''conj'', ''s'', ''conj'', ''v'')'	1	
'(''v'', ''s'', ''part'', ''pr'')'	1	
'(''s'', ''conj'', ''advpro'', ''v'')'	1	
'(''s'', ''spro'', ''adv'', ''conj'')'	1	
'(''spro'', ''v'', ''s.PROP'', ''spro'')'	1	
'(''s'', ''s'', ''advpro'', ''s'')'	1	
'(''part'', ''pr'', ''num'', ''s'')'	1	
'(''s.PROP'', ''conj'', ''v'', ''spro'')'	1	
'(''s'', ''s.PROP'', ''s'', ''s'')'	1	
'(''a'', ''conj'', ''adv'', ''part'')'	1	
'(''s'', ''spro'', ''v'', ''num'')'	1	
'(''part'', ''s'', ''pr'', ''s'')'	1	
'(''pr'', ''s'', ''s'', ''a'')'	1	
'(''v'', ''adv'', ''v'', ''part'')'	1	
'(''spro'', ''v'', ''s.PROP'', ''pr'')'	1	
'(''num'', ''adv'', ''v'', ''spro'')'	1	
'(''spro'', ''apro'', ''spro'', ''part'')'	1	
'(''a'', ''part'', ''s'', ''part'')'	1	
'(''pr'', ''anum'', ''s'', ''pr'')'	1	
'(''advpro'', ''v'', ''s'', ''advpro'')'	1	
'(''adv'', ''pr'', ''s'', ''pr'')'	1	
'(''apro'', ''apro'', ''pr'', ''anum'')'	1	
'(''v'', ''part'', ''v'', ''apro'')'	1	
'(''v'', ''s'', ''v'', ''conj'')'	1	
'(''s'', ''adv'', ''v'', ''conj'')'	1	
'(''s.PROP'', ''v'', ''part'', ''v'')'	1	
'(''spro'', ''v'', ''apro'', ''apro'')'	1	
'(''part'', ''v'', ''part'', ''pr'')'	1	
'(''v'', ''s.PROP'', ''apro'', ''s'')'	1	
'(''spro'', ''v'', ''s'', ''intj'')'	1	
'(''adv'', ''v'', ''spro'', ''s.PROP'')'	1	
'(''spro'', ''spro'', ''a'', ''advpro'')'	1	
'(''s'', ''part'', ''s'', ''spro'')'	1	
'(''v'', ''conj'', ''v'', ''part'')'	1	
'(''a'', ''a'', ''spro'', ''apro'')'	1	
'(''conj'', ''spro'', ''part'', ''v'')'	1	
'(''s'', ''part'', ''s'', ''pr'')'	1	
'(''s'', ''a'', ''spro'', ''spro'')'	1	
'(''v'', ''advpro'', ''pr'', ''s'')'	1	
'(''s'', ''s'', ''a'', ''conj'')'	1	
'(''adv'', ''anum'', ''s'', ''spro'')'	1	
'(''adv'', ''s'', ''s'', ''v'')'	1	
'(''spro'', ''v'', ''pr'', ''pr'')'	1	
'(''s'', ''part'', ''spro'', ''num'')'	1	
'(''spro'', ''a'', ''advpro'', ''part'')'	1	
'(''spro'', ''pr'', ''s'', ''s'')'	1	
'(''s'', ''adv'', ''v'', ''a'')'	1	
'(''adv'', ''v'', ''advpro'', ''adv'')'	1	
'(''v'', ''spro'', ''a'', ''part'')'	1	
'(''part'', ''pr'', ''s'', ''v'')'	1	
'(''part'', ''s'', ''s'', ''v'')'	1	
'(''conj'', ''apro'', ''a'', ''s'')'	1	
'(''v'', ''s'', ''part'', ''apro'')'	1	
'(''a'', ''s'', ''spro'', ''spro'')'	1	
'(''conj'', ''s'', ''s.PROP'', ''v'')'	1	
'(''s'', ''advpro'', ''v'', ''conj'')'	1	
'(''pr'', ''s'', ''s'', ''part'')'	1	
'(''v'', ''advpro'', ''s'', ''apro'')'	1	
'(''a'', ''spro'', ''advpro'', ''spro'')'	1	
'(''spro'', ''spro'', ''s'', ''s'')'	1	
'(''advpro'', ''advpro'', ''v'', ''s'')'	1	
'(''pr'', ''v'', ''adv'', ''s'')'	1	
'(''apro'', ''s.PROP'', ''pr'', ''apro'')'	1	
'(''part'', ''spro'', ''s'', ''pr'')'	1	
'(''v'', ''spro'', ''conj'', ''a'')'	1	
'(''adv'', ''v'', ''v'', ''adv'')'	1	
'(''part'', ''s'', ''conj'', ''v'')'	1	
'(''s.PROP'', ''adv'', ''s'', ''s'')'	1	
'(''s'', ''part'', ''adv'', ''spro'')'	1	
'(''s'', ''spro'', ''v'', ''s.PROP'')'	1	
'(''v'', ''v'', ''adv'', ''v'')'	1	
'(''s'', ''v'', ''s.PROP'', ''spro'')'	1	
'(''adv'', ''part'', ''a'', ''s'')'	1	
'(''s'', ''v'', ''s'', ''s.PROP'')'	1	
'(''a'', ''s'', ''v'', ''s.PROP'')'	1	
'(''a'', ''advpro'', ''part'', ''v'')'	1	
'(''s'', ''adv'', ''a'', ''v'')'	1	
'(''v'', ''part'', ''adv'', ''part'')'	1	
'(''apro'', ''s'', ''s'', ''spro'')'	1	
'(''s'', ''s'', ''s'', ''apro'')'	1	
'(''apro'', ''apro'', ''adv'', ''adv'')'	1	
'(''num'', ''s'', ''v'', ''a'')'	1	
'(''s'', ''part'', ''apro'', ''apro'')'	1	
'(''a'', ''s'', ''conj'', ''advpro'')'	1	
'(''spro'', ''v'', ''s'', ''num'')'	1	
'(''conj'', ''apro'', ''pr'', ''s'')'	1	
'(''part'', ''pr'', ''s'', ''s'')'	1	
'(''s'', ''adv'', ''v'', ''pr'')'	1	
'(''v'', ''pr'', ''s.PROP'', ''pr'')'	1	
'(''conj'', ''v'', ''v'', ''advpro'')'	1	
'(''conj'', ''pr'', ''spro'', ''v'')'	1	
'(''part'', ''num'', ''s'', ''pr'')'	1	
'(''v'', ''conj'', ''pr'', ''s'')'	1	
'(''s'', ''conj'', ''adv'', ''spro'')'	1	
'(''s.PROP'', ''s.PROP'', ''a'', ''part'')'	1	
'(''spro'', ''v'', ''spro'', ''spro'')'	1	
'(''s'', ''conj'', ''part'', ''a'')'	1	
'(''apro'', ''s'', ''s'', ''part'')'	1	
'(''pr'', ''num'', ''s'', ''advpro'')'	1	
'(''s'', ''pr'', ''spro'', ''adv'')'	1	
'(''pr'', ''s.PROP'', ''pr'', ''s'')'	1	
'(''advpro'', ''v'', ''spro'', ''a'')'	1	
'(''part'', ''v'', ''s'', ''spro'')'	1	
'(''v'', ''s'', ''adv'', ''apro'')'	1	
'(''s'', ''part'', ''spro'', ''part'')'	1	
'(''s'', ''v'', ''advpro'', ''spro'')'	1	
'(''part'', ''spro'', ''v'', ''s.PROP'')'	1	
'(''s'', ''pr'', ''spro'', ''s.PROP'')'	1	
'(''s'', ''v'', ''part'', ''part'')'	1	
'(''v'', ''part'', ''v'', ''v'')'	1	
'(''v'', ''pr'', ''a'', ''v'')'	1	
'(''apro'', ''pr'', ''conj'', ''spro'')'	1	
'(''a'', ''a'', ''s'', ''spro'')'	1	
'(''v'', ''num'', ''s'', ''spro'')'	1	
'(''part'', ''adv'', ''v'', ''v'')'	1	
'(''spro'', ''s'', ''v'', ''pr'')'	1	
'(''v'', ''s'', ''apro'', ''v'')'	1	
'(''conj'', ''advpro'', ''v'', ''v'')'	1	
'(''advpro'', ''pr'', ''s'', ''v'')'	1	
'(''s'', ''v'', ''num'', ''s'')'	1	
'(''pr'', ''s'', ''spro'', ''adv'')'	1	
'(''s'', ''conj'', ''v'', ''v'')'	1	
'(''spro'', ''s.PROP'', ''s.PROP'', ''v'')'	1	
'(''pr'', ''spro'', ''conj'', ''pr'')'	1	
'(''pr'', ''spro'', ''s'', ''v'')'	1	
'(''v'', ''a'', ''spro'', ''advpro'')'	1	
'(''s'', ''s.PROP'', ''v'', ''pr'')'	1	
'(''s'', ''spro'', ''spro'', ''part'')'	1	
'(''s.PROP'', ''s.PROP'', ''s'', ''s'')'	1	
'(''s'', ''s'', ''conj'', ''advpro'')'	1	
'(''pr'', ''v'', ''apro'', ''s'')'	1	
'(''apro'', ''s'', ''conj'', ''s'')'	1	
'(''v'', ''pr'', ''s.PROP'', ''s'')'	1	
'(''conj'', ''num'', ''s'', ''s'')'	1	
'(''conj'', ''s'', ''conj'', ''s.PROP'')'	1	
'(''s'', ''conj'', ''part'', ''part'')'	1	
'(''spro'', ''part'', ''v'', ''s.PROP'')'	1	
'(''pr'', ''s'', ''s'', ''spro'')'	1	
'(''s'', ''adv'', ''v'', ''num'')'	1	
'(''advpro'', ''pr'', ''s'', ''spro'')'	1	
'(''s.PROP'', ''part'', ''v'', ''a'')'	1	
'(''s'', ''advpro'', ''spro'', ''s'')'	1	
'(''conj'', ''v'', ''s.PROP'', ''s'')'	1	
'(''conj'', ''s'', ''spro'', ''v'')'	1	
'(''pr'', ''s'', ''s.PROP'', ''s.PROP'')'	1	
'(''v'', ''spro'', ''v'', ''apro'')'	1	
'(''s'', ''s'', ''s.PROP'', ''s.PROP'')'	1	
'(''apro'', ''apro'', ''part'', ''a'')'	1	
'(''advpro'', ''spro'', ''s'', ''v'')'	1	
'(''pr'', ''s'', ''spro'', ''part'')'	1	
'(''part'', ''a'', ''s'', ''v'')'	1	
'(''s'', ''v'', ''pr'', ''adv'')'	1	
'(''v'', ''v'', ''adv'', ''apro'')'	1	
'(''adv'', ''apro'', ''adv'', ''v'')'	1	
'(''v'', ''advpro'', ''v'', ''conj'')'	1	
'(''spro'', ''v'', ''v'', ''s'')'	1	
'(''spro'', ''a'', ''s'', ''spro'')'	1	
'(''apro'', ''adv'', ''adv'', ''apro'')'	1	
'(''adv'', ''a'', ''v'', ''spro'')'	1	
'(''num'', ''s'', ''s'', ''s'')'	1	
'(''conj'', ''v'', ''s'', ''part'')'	1	
'(''conj'', ''s.PROP'', ''s.PROP'', ''s'')'	1	
'(''part'', ''apro'', ''s'', ''pr'')'	1	
'(''conj'', ''v'', ''adv'', ''adv'')'	1	
'(''advpro'', ''part'', ''v'', ''pr'')'	1	
'(''spro'', ''adv'', ''intj'', ''part'')'	1	
'(''v'', ''s'', ''part'', ''spro'')'	1	
'(''a'', ''s'', ''conj'', ''a'')'	1	
'(''v'', ''spro'', ''pr'', ''num'')'	1	
'(''s'', ''part'', ''part'', ''num'')'	1	
'(''apro'', ''spro'', ''v'', ''v'')'	1	
'(''v'', ''s'', ''s'', ''a'')'	1	
'(''pr'', ''s.PROP'', ''conj'', ''spro'')'	1	
'(''part'', ''a'', ''a'', ''s'')'	1	
'(''apro'', ''pr'', ''s'', ''spro'')'	1	
'(''s'', ''spro'', ''s'', ''adv'')'	1	
'(''v'', ''pr'', ''adv'', ''spro'')'	1	
'(''adv'', ''spro'', ''adv'', ''conj'')'	1	
'(''s'', ''apro'', ''s'', ''conj'')'	1	
'(''advpro'', ''v'', ''part'', ''spro'')'	1	
'(''v'', ''pr'', ''pr'', ''s'')'	1	
'(''anum'', ''s'', ''apro'', ''v'')'	1	
'(''spro'', ''spro'', ''part'', ''spro'')'	1	
'(''spro'', ''pr'', ''s'', ''advpro'')'	1	
'(''adv'', ''spro'', ''v'', ''part'')'	1	
'(''s'', ''conj'', ''v'', ''s.PROP'')'	1	
'(''part'', ''apro'', ''apro'', ''adv'')'	1	
'(''pr'', ''spro'', ''part'', ''pr'')'	1	
'(''apro'', ''a'', ''s'', ''adv'')'	1	
'(''v'', ''v'', ''pr'', ''spro'')'	1	
'(''s'', ''v'', ''spro'', ''num'')'	1	
'(''v'', ''part'', ''pr'', ''num'')'	1	
'(''conj'', ''advpro'', ''v'', ''s'')'	1	
'(''s'', ''num'', ''adv'', ''v'')'	1	
'(''v'', ''spro'', ''a'', ''a'')'	1	
'(''spro'', ''v'', ''pr'', ''anum'')'	1	
'(''apro'', ''adv'', ''conj'', ''v'')'	1	
'(''spro'', ''pr'', ''spro'', ''pr'')'	1	
'(''conj'', ''s'', ''adv'', ''v'')'	1	
'(''conj'', ''adv'', ''part'', ''a'')'	1	
'(''s.PROP'', ''s.PROP'', ''adv'', ''v'')'	1	
'(''adv'', ''v'', ''spro'', ''pr'')'	1	
'(''v'', ''a'', ''s'', ''s.PROP'')'	1	
'(''part'', ''v'', ''part'', ''s'')'	1	
'(''a'', ''pr'', ''s'', ''a'')'	1	
'(''spro'', ''apro'', ''pr'', ''conj'')'	1	
'(''pr'', ''s.PROP'', ''s'', ''spro'')'	1	
'(''a'', ''a'', ''v'', ''apro'')'	1	
'(''s'', ''s.PROP'', ''conj'', ''advpro'')'	1	
'(''anum'', ''s'', ''v'', ''s'')'	1	
'(''spro'', ''v'', ''anum'', ''s'')'	1	
'(''spro'', ''s'', ''advpro'', ''apro'')'	1	
'(''v'', ''conj'', ''v'', ''a'')'	1	
'(''s'', ''pr'', ''apro'', ''part'')'	1	
'(''v'', ''s'', ''intj'', ''s'')'	1	
'(''s'', ''apro'', ''adv'', ''v'')'	1	
'(''s.PROP'', ''s.PROP'', ''s.PROP'', ''apro'')'	1	
'(''spro'', ''v'', ''apro'', ''a'')'	1	
'(''part'', ''s'', ''pr'', ''apro'')'	1	
'(''v'', ''conj'', ''v'', ''apro'')'	1	
'(''s'', ''a'', ''v'', ''s'')'	1	
'(''v'', ''adv'', ''v'', ''pr'')'	1	
'(''conj'', ''v'', ''pr'', ''s.PROP'')'	1	
'(''part'', ''s'', ''v'', ''pr'')'	1	
'(''spro'', ''apro'', ''adv'', ''a'')'	1	
'(''s'', ''s'', ''advpro'', ''pr'')'	1	
'(''conj'', ''s'', ''v'', ''s'')'	1	
'(''a'', ''conj'', ''s'', ''spro'')'	1	
'(''pr'', ''s'', ''pr'', ''a'')'	1	
'(''spro'', ''v'', ''advpro'', ''pr'')'	1	
'(''s'', ''v'', ''part'', ''spro'')'	1	
'(''spro'', ''spro'', ''s'', ''spro'')'	1	
'(''pr'', ''s'', ''advpro'', ''s.PROP'')'	1	
'(''apro'', ''s'', ''a'', ''part'')'	1	
'(''v'', ''adv'', ''num'', ''s'')'	1	
'(''s'', ''s.PROP'', ''pr'', ''s'')'	1	
'(''pr'', ''spro'', ''v'', ''apro'')'	1	
'(''v'', ''conj'', ''s'', ''adv'')'	1	
'(''s'', ''v'', ''a'', ''apro'')'	1	
'(''advpro'', ''v'', ''apro'', ''s'')'	1	
'(''v'', ''v'', ''spro'', ''apro'')'	1	
'(''advpro'', ''s'', ''apro'', ''v'')'	1	
'(''v'', ''v'', ''spro'', ''pr'')'	1	
'(''conj'', ''apro'', ''pr'', ''spro'')'	1	
'(''spro'', ''spro'', ''apro'', ''adv'')'	1	
'(''s.PROP'', ''spro'', ''spro'', ''a'')'	1	
'(''a'', ''s'', ''s'', ''adv'')'	1	
'(''pr'', ''apro'', ''s'', ''part'')'	1	
'(''v'', ''v'', ''a'', ''spro'')'	1	
'(''advpro'', ''s'', ''v'', ''pr'')'	1	
'(''spro'', ''a'', ''a'', ''a'')'	1	
'(''v'', ''adv'', ''adv'', ''pr'')'	1	
'(''part'', ''s'', ''s'', ''pr'')'	1	
'(''apro'', ''part'', ''s'', ''spro'')'	1	
'(''spro'', ''adv'', ''spro'', ''v'')'	1	
'(''v'', ''v'', ''s.PROP'', ''adv'')'	1	
'(''num'', ''spro'', ''part'', ''v'')'	1	
'(''v'', ''pr'', ''v'', ''apro'')'	1	
'(''intj'', ''s'', ''s'', ''v'')'	1	
'(''adv'', ''adv'', ''pr'', ''s'')'	1	
'(''spro'', ''pr'', ''s'', ''apro'')'	1	
'(''s'', ''spro'', ''adv'', ''part'')'	1	
'(''adv'', ''adv'', ''spro'', ''v'')'	1	
'(''advpro'', ''adv'', ''v'', ''part'')'	1	
'(''conj'', ''s'', ''conj'', ''a'')'	1	
'(''adv'', ''part'', ''s'', ''part'')'	1	
'(''pr'', ''spro'', ''pr'', ''apro'')'	1	
'(''s'', ''apro'', ''v'', ''part'')'	1	
'(''spro'', ''s'', ''spro'', ''v'')'	1	
'(''conj'', ''s'', ''pr'', ''apro'')'	1	
'(''s'', ''v'', ''v'', ''a'')'	1	
'(''part'', ''adv'', ''spro'', ''adv'')'	1	
'(''adv'', ''v'', ''adv'', ''v'')'	1	
'(''s'', ''s'', ''adv'', ''spro'')'	1	
'(''spro'', ''v'', ''v'', ''a'')'	1	
'(''v'', ''apro'', ''apro'', ''part'')'	1	
'(''v'', ''spro'', ''advpro'', ''spro'')'	1	
'(''spro'', ''part'', ''v'', ''a'')'	1	
'(''adv'', ''conj'', ''v'', ''s'')'	1	
'(''pr'', ''s'', ''a'', ''conj'')'	1	
'(''v'', ''intj'', ''apro'', ''s'')'	1	
'(''apro'', ''pr'', ''apro'', ''s'')'	1	
'(''s'', ''spro'', ''pr'', ''s'')'	1	
'(''v'', ''v'', ''v'', ''s'')'	1	
'(''v'', ''conj'', ''s'', ''s'')'	1	
'(''adv'', ''a'', ''s'', ''part'')'	1	
'(''part'', ''spro'', ''spro'', ''advpro'')'	1	
'(''adv'', ''pr'', ''apro'', ''a'')'	1	
'(''v'', ''part'', ''spro'', ''s'')'	1	
'(''spro'', ''s'', ''part'', ''adv'')'	1	
'(''spro'', ''a'', ''conj'', ''a'')'	1	
'(''advpro'', ''apro'', ''part'', ''v'')'	1	
'(''spro'', ''adv'', ''adv'', ''s'')'	1	
'(''s'', ''advpro'', ''advpro'', ''v'')'	1	
'(''num'', ''v'', ''v'', ''part'')'	1	
'(''spro'', ''part'', ''v'', ''s'')'	1	
'(''s'', ''v'', ''conj'', ''a'')'	1	
'(''spro'', ''spro'', ''adv'', ''v'')'	1	
'(''s'', ''s'', ''spro'', ''adv'')'	1	
'(''s'', ''v'', ''apro'', ''part'')'	1	
'(''s'', ''num'', ''part'', ''pr'')'	1	
'(''v'', ''pr'', ''spro'', ''spro'')'	1	
'(''s'', ''part'', ''apro'', ''s'')'	1	
'(''part'', ''apro'', ''s'', ''v'')'	1	
'(''s'', ''spro'', ''pr'', ''a'')'	1	
'(''v'', ''anum'', ''s'', ''apro'')'	1	
'(''part'', ''v'', ''pr'', ''spro'')'	1	
'(''s.PROP'', ''s.PROP'', ''v'', ''spro'')'	1	
'(''pr'', ''spro'', ''adv'', ''part'')'	1	
'(''spro'', ''num'', ''s'', ''s'')'	1	
'(''s'', ''spro'', ''s'', ''s'')'	1	
'(''adv'', ''spro'', ''v'', ''apro'')'	1	
'(''anum'', ''s'', ''spro'', ''v'')'	1	
'(''pr'', ''apro'', ''s'', ''advpro'')'	1	
'(''advpro'', ''v'', ''pr'', ''spro'')'	1	
'(''s'', ''part'', ''conj'', ''apro'')'	1	
'(''apro'', ''s'', ''pr'', ''spro'')'	1	
'(''a'', ''s'', ''apro'', ''a'')'	1	
'(''conj'', ''spro'', ''v'', ''a'')'	1	
'(''spro'', ''conj'', ''a'', ''a'')'	1	
'(''s'', ''part'', ''s'', ''s'')'	1	
'(''advpro'', ''v'', ''s'', ''pr'')'	1	
'(''num'', ''s'', ''advpro'', ''s'')'	1	
'(''pr'', ''apro'', ''v'', ''s'')'	1	
'(''num'', ''s'', ''conj'', ''num'')'	1	
'(''part'', ''pr'', ''s'', ''a'')'	1	
'(''v'', ''pr'', ''adv'', ''v'')'	1	
'(''s'', ''s'', ''spro'', ''a'')'	1	
'(''s.PROP'', ''v'', ''a'', ''s'')'	1	
'(''v'', ''spro'', ''spro'', ''adv'')'	1	
'(''s.PROP'', ''conj'', ''advpro'', ''v'')'	1	
'(''part'', ''part'', ''v'', ''v'')'	1	
'(''v'', ''part'', ''part'', ''part'')'	1	
'(''s.PROP'', ''apro'', ''apro'', ''apro'')'	1	
'(''part'', ''s'', ''s'', ''part'')'	1	
'(''v'', ''part'', ''part'', ''apro'')'	1	
'(''spro'', ''part'', ''v'', ''apro'')'	1	
'(''adv'', ''spro'', ''v'', ''v'')'	1	
'(''advpro'', ''part'', ''v'', ''spro'')'	1	
'(''v'', ''v'', ''part'', ''part'')'	1	
'(''a'', ''v'', ''apro'', ''s'')'	1	
'(''v'', ''advpro'', ''adv'', ''v'')'	1	
'(''conj'', ''adv'', ''pr'', ''s'')'	1	
'(''pr'', ''a'', ''pr'', ''s.PROP'')'	1	
'(''spro'', ''part'', ''adv'', ''spro'')'	1	
'(''s.PROP'', ''adv'', ''v'', ''s'')'	1	
'(''s'', ''s'', ''pr'', ''num'')'	1	
'(''s'', ''pr'', ''s'', ''advpro'')'	1	
'(''num'', ''v'', ''s'', ''s'')'	1	
'(''s.PROP'', ''v'', ''v'', ''s'')'	1	
'(''spro'', ''v'', ''conj'', ''apro'')'	1	
'(''pr'', ''s'', ''pr'', ''s.PROP'')'	1	
'(''adv'', ''conj'', ''s'', ''conj'')'	1	
'(''s'', ''intj'', ''s'', ''apro'')'	1	
'(''conj'', ''v'', ''s'', ''spro'')'	1	
'(''v'', ''part'', ''s'', ''pr'')'	1	
'(''apro'', ''s'', ''adv'', ''adv'')'	1	
'(''conj'', ''part'', ''s'', ''v'')'	1	
'(''num'', ''s'', ''s'', ''advpro'')'	1	
'(''v'', ''part'', ''v'', ''s'')'	1	
'(''v'', ''adv'', ''v'', ''v'')'	1	
'(''part'', ''conj'', ''apro'', ''s'')'	1	
'(''pr'', ''s'', ''part'', ''adv'')'	1	
'(''s'', ''part'', ''spro'', ''s.PROP'')'	1	
'(''spro'', ''s'', ''conj'', ''pr'')'	1	
'(''apro'', ''v'', ''s'', ''a'')'	1	
'(''s'', ''s.PROP'', ''spro'', ''s'')'	1	
'(''advpro'', ''v'', ''s'', ''apro'')'	1	
'(''spro'', ''pr'', ''s'', ''part'')'	1	
'(''intj'', ''conj'', ''v'', ''s'')'	1	
'(''a'', ''s'', ''num'', ''s'')'	1	
'(''apro'', ''spro'', ''part'', ''spro'')'	1	
'(''s'', ''v'', ''adv'', ''conj'')'	1	
'(''spro'', ''s'', ''spro'', ''part'')'	1	
'(''conj'', ''pr'', ''num'', ''s'')'	1	
'(''v'', ''s'', ''spro'', ''part'')'	1	
'(''v'', ''conj'', ''v'', ''adv'')'	1	
'(''part'', ''spro'', ''spro'', ''apro'')'	1	
'(''part'', ''v'', ''intj'', ''apro'')'	1	
'(''adv'', ''s'', ''v'', ''adv'')'	1	
'(''part'', ''s'', ''a'', ''s'')'	1	
'(''apro'', ''v'', ''pr'', ''s'')'	1	
'(''v'', ''v'', ''s.PROP'', ''v'')'	1	
'(''conj'', ''s'', ''s'', ''a'')'	1	
'(''v'', ''conj'', ''spro'', ''spro'')'	1	
'(''adv'', ''pr'', ''s'', ''conj'')'	1	
'(''v'', ''conj'', ''a'', ''s'')'	1	
'(''spro'', ''intj'', ''conj'', ''v'')'	1	
'(''apro'', ''pr'', ''anum'', ''s'')'	1	
'(''v'', ''part'', ''part'', ''v'')'	1	
'(''v'', ''conj'', ''apro'', ''s'')'	1	
'(''s'', ''s'', ''num'', ''part'')'	1	
'(''pr'', ''s'', ''apro'', ''adv'')'	1	
'(''apro'', ''s'', ''conj'', ''adv'')'	1	
'(''pr'', ''a'', ''pr'', ''apro'')'	1	
'(''pr'', ''apro'', ''s'', ''conj'')'	1	
'(''v'', ''v'', ''spro'', ''adv'')'	1	
'(''conj'', ''part'', ''part'', ''v'')'	1	
'(''spro'', ''advpro'', ''spro'', ''spro'')'	1	
'(''pr'', ''v'', ''pr'', ''s'')'	1	
'(''conj'', ''a'', ''s'', ''s'')'	1	
'(''v'', ''apro'', ''part'', ''v'')'	1	
'(''s.PROP'', ''apro'', ''s'', ''part'')'	1	
'(''spro'', ''spro'', ''s'', ''v'')'	1	
'(''apro'', ''s'', ''v'', ''num'')'	1	
'(''v'', ''spro'', ''v'', ''a'')'	1	
'(''spro'', ''s'', ''conj'', ''spro'')'	1	
'(''apro'', ''s'', ''pr'', ''a'')'	1	
'(''v'', ''s'', ''part'', ''part'')'	1	
'(''s.PROP'', ''conj'', ''spro'', ''v'')'	1	
'(''adv'', ''pr'', ''spro'', ''adv'')'	1	
'(''pr'', ''apro'', ''part'', ''s'')'	1	
'(''s.PROP'', ''conj'', ''s'', ''s'')'	1	
'(''adv'', ''spro'', ''s'', ''v'')'	1	
'(''s'', ''part'', ''adv'', ''conj'')'	1	
'(''spro'', ''v'', ''adv'', ''part'')'	1	
'(''spro'', ''s'', ''conj'', ''s'')'	1	
'(''v'', ''spro'', ''adv'', ''adv'')'	1	
'(''s'', ''spro'', ''v'', ''conj'')'	1	
'(''apro'', ''apro'', ''apro'', ''pr'')'	1	
'(''spro'', ''v'', ''part'', ''apro'')'	1	
'(''v'', ''advpro'', ''s'', ''v'')'	1	
'(''v'', ''conj'', ''adv'', ''v'')'	1	
'(''advpro'', ''v'', ''conj'', ''v'')'	1	
'(''s.PROP'', ''s.PROP'', ''adv'', ''s'')'	1	
'(''s'', ''v'', ''a'', ''a'')'	1	
'(''spro'', ''s'', ''part'', ''part'')'	1	
'(''advpro'', ''spro'', ''v'', ''spro'')'	1	
'(''a'', ''s'', ''v'', ''part'')'	1	
'(''pr'', ''s'', ''advpro'', ''v'')'	1	
'(''part'', ''v'', ''spro'', ''s.PROP'')'	1	
'(''pr'', ''spro'', ''conj'', ''v'')'	1	
'(''part'', ''spro'', ''v'', ''apro'')'	1	
'(''v'', ''adv'', ''anum'', ''s'')'	1	
'(''v'', ''s.PROP'', ''part'', ''v'')'	1	
'(''v'', ''spro'', ''adv'', ''spro'')'	1	
'(''s'', ''apro'', ''spro'', ''adv'')'	1	
'(''v'', ''spro'', ''s.PROP'', ''s.PROP'')'	1	
'(''s'', ''s'', ''s.PROP'', ''conj'')'	1	
'(''v'', ''v'', ''pr'', ''ss'')'	1	
'(''s'', ''adv'', ''spro'', ''v'')'	1	
'(''v'', ''a'', ''a'', ''v'')'	1	
'(''apro'', ''s'', ''part'', ''conj'')'	1	
'(''advpro'', ''apro'', ''s'', ''v'')'	1	
'(''s'', ''s'', ''apro'', ''a'')'	1	
'(''v'', ''spro'', ''apro'', ''spro'')'	1	
'(''s'', ''pr'', ''spro'', ''part'')'	1	
'(''part'', ''s'', ''part'', ''apro'')'	1	
'(''part'', ''a'', ''pr'', ''a'')'	1	
'(''v'', ''adv'', ''apro'', ''s'')'	1	
'(''conj'', ''s'', ''s.PROP'', ''s.PROP'')'	1	
'(''conj'', ''spro'', ''spro'', ''spro'')'	1	
'(''conj'', ''pr'', ''s'', ''v'')'	1	
'(''s'', ''a'', ''pr'', ''s'')'	1	
'(''part'', ''s.PROP'', ''v'', ''s'')'	1	
'(''spro'', ''part'', ''pr'', ''s'')'	1	
'(''s'', ''apro'', ''s.PROP'', ''adv'')'	1	
'(''part'', ''spro'', ''part'', ''spro'')'	1	
'(''intj'', ''part'', ''a'', ''s'')'	1	
'(''s'', ''apro'', ''advpro'', ''part'')'	1	
'(''pr'', ''spro'', ''v'', ''spro'')'	1	
'(''v'', ''spro'', ''apro'', ''v'')'	1	
'(''spro'', ''v'', ''conj'', ''spro'')'	1	
'(''apro'', ''v'', ''part'', ''s'')'	1	
'(''s'', ''conj'', ''s'', ''apro'')'	1	
'(''pr'', ''s'', ''conj'', ''adv'')'	1	
'(''s'', ''apro'', ''s'', ''s'')'	1	
'(''v'', ''spro'', ''part'', ''s'')'	1	
'(''spro'', ''s'', ''v'', ''v'')'	1	
'(''v'', ''v'', ''s'', ''part'')'	1	
'(''s'', ''conj'', ''adv'', ''v'')'	1	
'(''spro'', ''advpro'', ''v'', ''apro'')'	1	
'(''v'', ''part'', ''s.PROP'', ''v'')'	1	
'(''adv'', ''part'', ''v'', ''spro'')'	1	
'(''pr'', ''s.PROP'', ''pr'', ''s.PROP'')'	1	
'(''pr'', ''a'', ''s'', ''apro'')'	1	
'(''v'', ''v'', ''advpro'', ''s'')'	1	
'(''s.PROP'', ''s.PROP'', ''v'', ''v'')'	1	
'(''s.PROP'', ''pr'', ''v'', ''a'')'	1	
'(''part'', ''v'', ''part'', ''apro'')'	1	
'(''advpro'', ''v'', ''conj'', ''s'')'	1	
'(''part'', ''adv'', ''part'', ''pr'')'	1	
'(''apro'', ''adv'', ''a'', ''s'')'	1	
'(''v'', ''v'', ''conj'', ''v'')'	1	
'(''spro'', ''pr'', ''spro'', ''part'')'	1	
'(''intj'', ''s'', ''apro'', ''v'')'	1	
'(''spro'', ''part'', ''v'', ''adv'')'	1	
'(''advpro'', ''part'', ''v'', ''part'')'	1	
'(''s'', ''s'', ''v'', ''conj'')'	1	
'(''v'', ''apro'', ''adv'', ''v'')'	1	
'(''spro'', ''v'', ''v'', ''conj'')'	1	
'(''part'', ''s'', ''s'', ''spro'')'	1	
'(''apro'', ''v'', ''conj'', ''v'')'	1	
'(''s'', ''conj'', ''apro'', ''s'')'	1	
'(''s'', ''pr'', ''v'', ''adv'')'	1	
'(''pr'', ''a'', ''v'', ''a'')'	1	
'(''spro'', ''adv'', ''v'', ''v'')'	1	
'(''part'', ''spro'', ''s.PROP'', ''s.PROp'')'	1	
'(''s'', ''apro'', ''s'', ''apro'')'	1	
'(''apro'', ''part'', ''a'', ''pr'')'	1	
'(''v'', ''part'', ''num'', ''s'')'	1	
'(''apro'', ''s'', ''apro'', ''spro'')'	1	
'(''spro'', ''v'', ''conj'', ''adv'')'	1	
'(''spro'', ''s'', ''part'', ''pr'')'	1	
'(''adv'', ''v'', ''spro'', ''apro'')'	1	
'(''s'', ''intj'', ''s'', ''s'')'	1	
'(''conj'', ''s'', ''pr'', ''a'')'	1	
'(''apro'', ''part'', ''v'', ''part'')'	1	
'(''s'', ''apro'', ''s'', ''spro'')'	1	
'(''pr'', ''spro'', ''adv'', ''v'')'	1	
'(''s.PROP'', ''v'', ''v'', ''adv'')'	1	
'(''v'', ''num'', ''v'', ''v'')'	1	
'(''v'', ''spro'', ''spro'', ''spro'')'	1	
'(''s.PROP'', ''s.PROP'', ''v'', ''a'')'	1	
'(''s'', ''intj'', ''s'', ''adv'')'	1	
'(''s'', ''pr'', ''apro'', ''a'')'	1	
'(''s'', ''advpro'', ''apro'', ''s'')'	1	
'(''s'', ''spro'', ''part'', ''adv'')'	1	
'(''s'', ''conj'', ''apro'', ''spro'')'	1	
'(''apro'', ''s'', ''spro'', ''adv'')'	1	
'(''v'', ''s.PROP'', ''s'', ''s.PROP'')'	1	
'(''v'', ''spro'', ''spro'', ''advpro'')'	1	
'(''part'', ''v'', ''part'', ''adv'')'	1	
'(''v'', ''adv'', ''conj'', ''s'')'	1	
'(''spro'', ''v'', ''anum'', ''apro'')'	1	
'(''v'', ''advpro'', ''v'', ''s'')'	1	
'(''adv'', ''v'', ''spro'', ''part'')'	1	
'(''s'', ''a'', ''s'', ''a'')'	1	
'(''v'', ''spro'', ''conj'', ''part'')'	1	
'(''adv'', ''v'', ''conj'', ''v'')'	1	
'(''s'', ''apro'', ''s.PROP'', ''pr'')'	1	
'(''v'', ''s'', ''s'', ''intj'')'	1	
'(''v'', ''s'', ''adv'', ''v'')'	1	
'(''s.PROP'', ''pr'', ''s'', ''conj'')'	1	
'(''pr'', ''anum'', ''s'', ''v'')'	1	
'(''apro'', ''a'', ''s'', ''advpro'')'	1	
'(''part'', ''spro'', ''v'', ''intj'')'	1	
'(''a'', ''v'', ''s'', ''s.PROP'')'	1	
'(''advpro'', ''v'', ''pr'', ''s'')'	1	
'(''v'', ''adv'', ''s'', ''s'')'	1	
'(''pr'', ''s'', ''s'', ''apro'')'	1	
'(''pr'', ''s'', ''conj'', ''pr'')'	1	
'(''spro'', ''conj'', ''part'', ''s'')'	1	
'(''conj'', ''s'', ''pr'', ''spro'')'	1	
'(''s'', ''v'', ''spro'', ''adv'')'	1	
'(''s'', ''adv'', ''apro'', ''s'')'	1	
'(''a'', ''v'', ''a'', ''pr'')'	1	
'(''adv'', ''v'', ''conj'', ''pr'')'	1	
'(''s'', ''part'', ''part'', ''s'')'	1	
'(''adv'', ''conj'', ''v'', ''a'')'	1	
'(''pr'', ''s'', ''s'', ''advpro'')'	1	
'(''spro'', ''pr'', ''a'', ''v'')'	1	
'(''advpro'', ''v'', ''s'', ''s'')'	1	
'(''pr'', ''a'', ''s'', ''pr'')'	1	
'(''v'', ''pr'', ''s.PROP'', ''v'')'	1	
'(''s.PROP'', ''spro'', ''s'', ''adv'')'	1	
'(''a'', ''s'', ''s'', ''pr'')'	1	
'(''part'', ''v'', ''spro'', ''spro'')'	1	
'(''v'', ''adv'', ''adv'', ''spro'')'	1	
'(''advpro'', ''s'', ''v'', ''spro'')'	1	
'(''num'', ''s'', ''conj'', ''v'')'	1	
'(''adv'', ''apro'', ''s'', ''v'')'	1	
'(''apro'', ''s'', ''advpro'', ''spro'')'	1	
'(''s.PROP'', ''s'', ''apro'', ''v'')'	1	
'(''part'', ''s'', ''v'', ''adv'')'	1	
'(''adv'', ''part'', ''part'', ''v'')'	1	
'(''apro'', ''s'', ''intj'', ''s'')'	1	
'(''spro'', ''s'', ''spro'', ''adv'')'	1	
'(''pr'', ''adv'', ''v'', ''a'')'	1	
'(''s'', ''v'', ''a'', ''conj'')'	1	
'(''s'', ''part'', ''pr'', ''s'')'	1	
'(''conj'', ''spro'', ''v'', ''pr'')'	1	
'(''s'', ''conj'', ''s.PROP'', ''s.PROP'')'	1	
'(''intj'', ''apro'', ''s'', ''v'')'	1	
'(''a'', ''s'', ''s'', ''advpro'')'	1	
'(''apro'', ''v'', ''spro'', ''a'')'	1	
'(''part'', ''part'', ''a'', ''s'')'	1	
'(''spro'', ''spro'', ''s'', ''apro'')'	1	
'(''s'', ''v'', ''part'', ''apro'')'	1	
'(''s.PROP'', ''s'', ''spro'', ''adv'')'	1	
'(''s'', ''conj'', ''advpro'', ''apro'')'	1	
'(''adv'', ''adv'', ''v'', ''part'')'	1	
'(''v'', ''v'', ''spro'', ''s'')'	1	
'(''s'', ''advpro'', ''s.PROP'', ''s.PROP'')'	1	
'(''spro'', ''adv'', ''v'', ''num'')'	1	
'(''s'', ''advpro'', ''pr'', ''s'')'	1	
'(''adv'', ''s'', ''v'', ''spro'')'	1	
'(''conj'', ''s'', ''pr'', ''s'')'	1	
'(''pr'', ''s.PROP'', ''s.PROP'', ''v'')'	1	
'(''conj'', ''a'', ''s'', ''conj'')'	1	
'(''v'', ''spro'', ''adv'', ''intj'')'	1	
'(''s'', ''v'', ''num'', ''v'')'	1	
'(''v'', ''pr'', ''spro'', ''conj'')'	1	
'(''part'', ''pr'', ''apro'', ''s'')'	1	
'(''spro'', ''spro'', ''v'', ''a'')'	1	
'(''s'', ''s'', ''pr'', ''a'')'	1	
'(''pr'', ''s'', ''conj'', ''a'')'	1	
'(''pr'', ''apro'', ''s'', ''a'')'	1	
'(''v'', ''s'', ''a'', ''apro'')'	1	
'(''s'', ''part'', ''spro'', ''v'')'	1	
'(''s.PROP'', ''adv'', ''v'', ''pr'')'	1	
'(''v'', ''apro'', ''pr'', ''apro'')'	1	
'(''v'', ''intj'', ''advpro'', ''spro'')'	1	
'(''apro'', ''part'', ''v'', ''advpro'')'	1	
'(''v'', ''advpro'', ''spro'', ''v'')'	1	
'(''apro'', ''s'', ''s'', ''a'')'	1	
'(''s.PROP'', ''a'', ''part'', ''part'')'	1	
'(''s'', ''s'', ''a'', ''spro'')'	1	
'(''pr'', ''spro'', ''v'', ''pr'')'	1	
'(''conj'', ''part'', ''v'', ''v'')'	1	
'(''part'', ''v'', ''part'', ''s.PROP'')'	1	
'(''v'', ''s'', ''num'', ''v'')'	1	
'(''s'', ''advpro'', ''v'', ''part'')'	1	
'(''spro'', ''v'', ''adv'', ''pr'')'	1	
'(''v'', ''v'', ''a'', ''a'')'	1	
'(''a'', ''s'', ''part'', ''v'')'	1	
'(''spro'', ''v'', ''s'', ''part'')'	1	
'(''spro'', ''v'', ''num'', ''s'')'	1	
'(''s.PROP'', ''s.PROP'', ''pr'', ''v'')'	1	
'(''v'', ''pr'', ''s'', ''s.PROP'')'	1	
'(''apro'', ''v'', ''spro'', ''s'')'	1	
'(''a'', ''v'', ''adv'', ''v'')'	1	
'(''pr'', ''spro'', ''s'', ''pr'')'	1	
'(''spro'', ''v'', ''s'', ''conj'')'	1	
'(''spro'', ''spro'', ''pr'', ''s'')'	1	
'(''spro'', ''adv'', ''s'', ''pr'')'	1	
'(''part'', ''part'', ''v'', ''pr'')'	1	
'(''part'', ''pr'', ''s.PROP'', ''conj'')'	1	
'(''adv'', ''s'', ''spro'', ''s'')'	1	
'(''pr'', ''s.PROP'', ''conj'', ''s'')'	1	
'(''adv'', ''v'', ''s'', ''conj'')'	1	
'(''advpro'', ''v'', ''part'', ''part'')'	1	
'(''s.PROP'', ''v'', ''spro'', ''conj'')'	1	
'(''a'', ''spro'', ''apro'', ''pr'')'	1	
'(''spro'', ''s'', ''v'', ''spro'')'	1	
'(''s'', ''pr'', ''v'', ''pr'')'	1	
'(''adv'', ''v'', ''pr'', ''s.PROP'')'	1	
'(''v'', ''pr'', ''a'', ''pr'')'	1	
'(''part'', ''v'', ''s'', ''a'')'	1	
'(''pr'', ''s'', ''v'', ''v'')'	1	
'(''apro'', ''v'', ''v'', ''conj'')'	1	
'(''v'', ''v'', ''s'', ''advpro'')'	1	
'(''s.PROP'', ''s.PROP'', ''apro'', ''apro'')'	1	
'(''spro'', ''a'', ''s'', ''conj'')'	1	
'(''s'', ''s'', ''apro'', ''s.PROP'')'	1	
'(''adv'', ''s'', ''s'', ''pr'')'	1	
'(''s.PROP'', ''adv'', ''v'', ''apro'')'	1	
'(''s'', ''conj'', ''pr'', ''spro'')'	1	
'(''spro'', ''s'', ''pr'', ''apro'')'	1	
'(''anum'', ''s'', ''spro'', ''s'')'	1	
'(''part'', ''part'', ''num'', ''part'')'	1	
'(''s'', ''advpro'', ''s'', ''v'')'	1	
'(''s'', ''apro'', ''adv'', ''conj'')'	1	
'(''apro'', ''v'', ''apro'', ''s'')'	1	
'(''s.PROP'', ''v'', ''v'', ''conj'')'	1	
'(''pr'', ''v'', ''s'', ''conj'')'	1	
'(''pr'', ''s'', ''v'', ''conj'')'	1	
'(''s'', ''v'', ''v'', ''part'')'	1	
'(''s'', ''s.PROP'', ''s.PROP'', ''v'')'	1	
'(''s'', ''advpro'', ''v'', ''pr'')'	1	
'(''conj'', ''s'', ''apro'', ''v'')'	1	
'(''spro'', ''part'', ''spro'', ''apro'')'	1	
'(''adv'', ''part'', ''s'', ''a'')'	1	
